scenario_token,outer_test_fold,operator_execution_contrast_linf,physical_equal,closed_loop_effect_support,closed_loop_beneficial,closed_loop_hard_harm,closed_loop_score_delta,drivable_delta,collision_delta,ttc_delta
00f4aedf9b3c5f65,4,2.0638694763183594,0,1,1,0,0.007006035228211638,0.0,0.0,0.0
02fca515559f520d,1,9.072463989257812,0,1,0,0,-0.06121853552768575,0.0,0.0,0.0
034da27cd2f75292,3,2.0910072326660156,0,0,0,0,0.0,0.0,0.0,0.0
0395a156348a5041,3,113.70987623929977,0,0,0,0,0.0,0.0,0.0,0.0
03dac455f9ec5792,0,3.4135971069335938,0,0,0,0,0.0,0.0,0.0,0.0
045cd7a008c65925,0,17.295013427734375,0,1,0,0,-0.7523120900421573,0.0,0.0,0.0
04e294754b4d56a6,0,2.5134830474853516,0,0,0,0,0.0,0.0,0.0,0.0
052f0d46a5c059a1,4,13.891685485839844,0,1,1,0,0.00047977235247942396,0.0,0.0,0.0
054033a129155c88,3,11.613950729370117,0,0,0,0,0.0,0.0,0.0,0.0
05ba4ac2db9c50d2,0,1.3336029052734375,0,0,0,0,0.0,0.0,0.0,0.0
0624fd97bb1d5859,0,2.332927703857422,0,0,0,0,0.0,0.0,0.0,0.0
06a937676ff65c69,1,19.087566375732422,0,1,1,0,0.013784576769982015,0.0,0.0,0.0
06f2c0171372558e,1,0.0,1,0,0,0,0.0,0.0,0.0,0.0
07db46e8eac253cf,0,4.9365692138671875,0,0,0,0,0.0,0.0,0.0,0.0
07f7850e943e5787,1,42.94990158081055,0,1,1,0,0.015501277169942873,0.0,0.0,0.0
07f8bf05fc975975,4,12.543878555297852,0,0,0,0,0.0,0.0,0.0,0.0
0831e7eae1365d56,3,14.570465087890625,0,1,0,0,-0.0009707896236812452,0.0,0.0,0.0
091cae980d54535d,2,13.768001556396484,0,1,1,0,0.01792456254684216,0.0,0.0,0.0
097a309009705384,2,14.60153579711914,0,0,0,0,0.0,0.0,0.0,0.0
09884abf58435aaa,3,14.660400390625,0,1,1,0,0.000489472674347069,0.0,0.0,0.0
09be490c13cb56b6,3,13.517326354980469,0,1,0,0,-0.006380407034574098,0.0,0.0,0.0
0aea8543e71b5712,2,2.058694839477539,0,1,0,0,-0.0004363825387185827,0.0,0.0,0.0
0af516a5b2725ac6,4,3.1613235473632812,0,0,0,0,0.0,0.0,0.0,0.0
0bd45dc9e3a759c2,1,7.61158561706543,0,1,0,0,0.0,0.0,1.0,0.0
0dd2b9715fc65e18,4,8.926637649536133,0,1,1,0,0.02558064538530669,0.0,0.0,0.0
0e59b30dfd9d5121,2,9.66943359375,0,1,0,0,-0.0001874191675376169,0.0,0.0,0.0
0e7c79855e005220,1,6.624902725219727,0,0,0,0,0.0,0.0,0.0,0.0
0f6992119fc759c4,3,14.624649047851562,0,1,0,0,-0.007485916116527935,0.0,0.0,0.0
0f9ba65f3e2e5c1d,2,68.97521591186523,0,1,0,1,-0.4582242016042999,0.0,-1.0,-1.0
0fb7d56584065e6f,4,14.8326416015625,0,1,1,0,0.120389699557654,0.0,0.0,0.0
102e8bfe5f555974,4,1.4959354400634766,0,1,1,0,0.0007619330308610284,0.0,0.0,0.0
103c7d249ab154af,4,0.0,1,0,0,0,0.0,0.0,0.0,0.0
10e0d0cf52855491,3,0.0,1,0,0,0,0.0,0.0,0.0,0.0
1139bbb1cfe35d48,1,0.0,1,0,0,0,0.0,0.0,0.0,0.0
117049ed19db55a2,1,3.914767265319824,0,1,0,0,-0.0014338987806398196,0.0,0.0,0.0
122436b1207258bf,2,53.87513542175293,0,1,1,0,0.012166291778996197,0.0,0.0,0.0
1289017760ab5cda,0,19.441085815429688,0,0,0,0,0.0,0.0,0.0,0.0
13adf1483845581c,0,2.063690185546875,0,0,0,0,0.0,0.0,0.0,0.0
1470dbcb0c415442,0,15.199134826660156,0,1,0,0,-0.01933422349750924,0.0,0.0,0.0
147b934bc401590e,3,7.1732635498046875,0,1,1,0,0.008719113186936411,0.0,0.0,0.0
15210c5280b851a8,0,27.852394104003906,0,1,0,0,-0.03525458051767549,0.0,0.0,0.0
154c14f381535c43,0,27.348983764648438,0,1,1,0,0.12756981133100698,0.0,0.0,0.0
180f81d1ca5c5ee3,1,9.655937194824219,0,1,1,0,0.0045423689986680005,0.0,0.0,0.0
181f26554b4b5e75,0,13.625080108642578,0,1,0,0,-0.003934691910139065,0.0,0.0,0.0
183eebcd18325090,1,3.445720672607422,0,1,0,0,-0.15241189647228404,0.0,0.0,0.0
188773ba51c15df2,3,0.35326576232910156,0,1,0,0,-0.0004096780282546453,0.0,0.0,0.0
1907423ff64a51eb,1,4.184410095214844,0,1,0,0,-0.02415140468043986,0.0,0.0,0.0
190db336fe0e515f,1,19.989337921142578,0,1,0,0,-0.010388137697408317,0.0,0.0,0.0
19b32f02944d51ad,1,2.38848876953125,0,0,0,0,0.0,0.0,0.0,0.0
1a20ae9ff1e05d25,3,1.6792449951171875,0,0,0,0,0.0,0.0,0.0,0.0
1a775b7a88eb5558,3,200.24708330631256,0,1,1,0,0.004707641524984152,0.0,0.0,0.0
1a9e0797610e5da4,1,14.458675384521484,0,1,0,0,-0.00040293194071339133,0.0,0.0,0.0
1b2ded48330b5b03,2,13.191295623779297,0,0,0,0,0.0,0.0,0.0,0.0
1bd0f4142cdc52f5,3,5.720905780792236,0,0,0,0,0.0,0.0,0.0,0.0
1bd8ca835d485cd8,1,7.642156600952148,0,1,0,0,-0.008722965118065584,0.0,0.0,0.0
1bf5b342d1b052c3,1,3.964447021484375,0,0,0,0,0.0,0.0,0.0,0.0
1c3f933be722564d,2,3.768035888671875,0,0,0,0,0.0,0.0,0.0,0.0
1c8a733cea4d5aed,4,2.0820274353027344,0,1,0,0,-0.0006747009124455916,0.0,0.0,0.0
1da0d8dce4485189,1,5.342988967895508,0,0,0,0,0.0,0.0,0.0,0.0
1de30d88d7e15d70,1,0.28890925645828247,0,1,1,0,5.120296042848693e-05,0.0,0.0,0.0
1f19613acc175257,3,34.78110122680664,0,1,1,0,0.12755001540470057,0.0,0.0,0.0
1f8c9456286d59fb,0,15.388851165771484,0,1,1,0,0.8050425080178412,0.0,1.0,1.0
1fad9f3e334d5e4e,3,7.317340850830078,0,1,0,0,-0.009971612772967431,0.0,0.0,0.0
2067e26ac57b5302,4,1.234161376953125,0,1,1,0,0.00028408932691847966,0.0,0.0,0.0
208da297c61b5a6b,0,13.88528060913086,0,1,1,0,0.006992376822129165,0.0,0.0,0.0
20cd0f5250875606,0,15.275764465332031,0,1,0,0,-0.0018937327703457685,0.0,0.0,0.0
2154d495b9b657a5,1,7.943342685699463,0,1,0,1,-0.9856749343852509,-1.0,0.0,0.0
21870d2397795423,3,36.010005950927734,0,1,0,1,0.0,-1.0,0.0,0.0
2322ed0c8d8e5d5f,2,1.6594009399414062,0,1,0,0,0.0,1.0,0.0,0.0
247baf6242815059,0,24.484718322753906,0,1,0,0,-0.008736559046575776,0.0,0.0,0.0
24f940b7a94f5ed7,0,0.0,1,0,0,0,0.0,0.0,0.0,0.0
254e4f21f68554f1,4,14.569366455078125,0,1,0,0,-0.0022342943968015616,0.0,0.0,0.0
257140a662885e1d,0,110.4878180027008,0,1,0,0,-0.0023459539077087532,0.0,0.0,0.0
258a909f4194587f,3,25.53071403503418,0,0,0,0,0.0,0.0,0.0,0.0
25c67c9a53ef53ce,4,29.59685516357422,0,0,0,0,0.0,0.0,0.0,0.0
2709051d421d536a,2,2.5901994705200195,0,1,0,0,-0.0002255578362787558,0.0,0.0,0.0
273d4e72b01d53cf,0,2.136503219604492,0,0,0,0,0.0,0.0,0.0,0.0
275e9cfb52fd59de,0,28.211414337158203,0,0,0,0,0.0,0.0,0.0,0.0
2777ce9cfe665ad6,3,17.988725662231445,0,1,1,0,0.1414966152156455,0.0,0.0,0.0
2796d5f962875a20,3,17.943687438964844,0,1,1,0,0.01157014376551091,0.0,0.0,0.0
27d3a84b2d335113,2,7.814706802368164,0,0,0,0,0.0,0.0,0.0,0.0
28a9f1a2abfe555c,3,15.075450897216797,0,1,0,0,-0.002099111063362802,0.0,0.0,0.0
291db523bb115ccf,1,12.926250457763672,0,1,0,0,-0.006733820924936795,0.0,0.0,0.0
2a89f35c7f5e55de,4,10.343911170959473,0,1,0,0,-0.01622281939422643,0.0,0.0,0.0
2ababb1ca1ba5637,1,5.753765106201172,0,0,0,0,0.0,0.0,0.0,0.0
2b32a9f406845f75,4,12.532371520996094,0,0,0,0,0.0,0.0,0.0,0.0
2bdb803d07605094,4,65.20392417907715,0,1,0,1,-0.44128458155558636,0.0,-1.0,-1.0
2c9450a5449e52fa,4,11.278177261352539,0,0,0,0,0.0,0.0,0.0,0.0
2cfe30b626795e99,2,61.88522434234619,0,1,0,1,0.0,-1.0,0.0,0.0
2d691673d2a75468,1,15.292778015136719,0,0,0,0,0.0,0.0,0.0,0.0
2d79aaf4c8d6582e,3,6.959766387939453,0,0,0,0,0.0,0.0,0.0,0.0
2d8cf993fd4159e2,2,7.488456726074219,0,1,1,0,0.1257897274277866,0.0,0.0,0.0
2e91c253ccb958d1,3,1.6171810626983643,0,1,0,1,-0.4236711117491656,-1.0,-1.0,-1.0
2f2543566c675f13,2,10.930641174316406,0,1,0,0,-0.0031477336328582517,0.0,0.0,0.0
2ffe7083e279569c,0,12.145387649536133,0,1,0,0,-0.0058681013568901985,0.0,0.0,0.0
30a3163cf0805a69,0,4.818336486816406,0,0,0,0,0.0,0.0,0.0,0.0
30c657863dc05485,4,8.643844604492188,0,0,0,0,0.0,0.0,0.0,0.0
3152efff212c51ff,1,36.34128761291504,0,0,0,0,0.0,0.0,0.0,0.0
31d6d7b013a75d29,0,14.574272155761719,0,1,1,0,0.0027996399914858028,0.0,0.0,0.0
31e5a1e6febd5acb,1,9.106346130371094,0,0,0,0,0.0,0.0,0.0,0.0
326079b8c9395f39,2,18.573944091796875,0,1,0,0,-0.0006393350476036064,0.0,0.0,0.0
327d5cdfdd695e7e,1,0.0,1,0,0,0,0.0,0.0,0.0,0.0
32b190836fd35675,4,10.726457595825195,0,1,0,0,-0.005505182094683092,0.0,0.0,0.0
330fd7f2e3aa5f55,4,2.0812950134277344,0,1,0,0,-0.00722786184559554,0.0,0.0,0.0
343925e5442554f5,0,3.3474960327148438,0,1,0,0,-0.00014003594374267792,0.0,0.0,0.0
351a31864bda5923,1,15.398021697998047,0,1,0,0,-0.04916441054172671,0.0,0.0,0.0
359105de514f5258,2,14.536426544189453,0,1,1,0,0.0046069115994501475,0.0,0.0,0.0
35c70713d92251fc,0,2.018817901611328,0,1,1,0,0.005176637028493358,0.0,0.0,0.0
366e33370f605634,0,7.0052490234375,0,1,1,0,0.011234736641786203,0.0,0.0,0.0
36857cb219845df9,0,53.79288101196289,0,0,0,0,0.0,0.0,0.0,0.0
37c65539bccb5da7,2,4.096333742141724,0,1,1,0,0.020402050213304435,0.0,0.0,0.0
39346eef49ad52a6,1,10.389278411865234,0,0,0,0,0.0,0.0,0.0,0.0
399cc87ac7c55646,3,31.354434967041016,0,1,1,0,0.0061271098048377715,0.0,0.0,0.0
39dca464ed145043,0,0.0,1,0,0,0,0.0,0.0,0.0,0.0
3a223e65af13545c,0,4.35649299621582,0,0,0,0,0.0,0.0,0.0,0.0
3a46193d097552cd,4,14.754940032958984,0,1,0,0,-0.015700806400102296,0.0,0.0,0.0
3a4fd1d48a995545,0,46.626146376132965,0,1,1,0,0.9681206366874711,1.0,0.0,0.0
3acad4250aca5326,3,14.348419189453125,0,1,0,1,-0.8705759844973832,-1.0,0.0,0.0
3c9d60b02bfb51c0,0,15.579822540283203,0,1,0,0,-0.0022805534237326786,0.0,0.0,0.0
3d56147a52d550b3,4,4.826019287109375,0,1,1,0,0.0011233908504078016,0.0,0.0,0.0
3d78c0894c67503b,4,24.146345138549805,0,1,0,0,-0.031017673946309277,0.0,0.0,0.0
3da38924ebd45f50,0,11.953659057617188,0,0,0,0,0.0,0.0,0.0,0.0
3e07748ebae855b8,2,3.15753173828125,0,1,0,0,-0.02389671172209873,0.0,0.0,0.0
3e1f06aa9ff354c9,0,7.082225799560547,0,1,0,0,-0.15182210467391366,0.0,0.0,0.0
3e3a2d672dfb5b51,0,5.407020568847656,0,0,0,0,0.0,0.0,0.0,0.0
3e940b9ccdf456b7,0,0.0,1,0,0,0,0.0,0.0,0.0,0.0
3effd9932b505526,3,13.968639373779297,0,1,0,0,-0.002396237608209395,0.0,0.0,0.0
3f0c33142293536e,1,2.0644493103027344,0,1,0,0,-0.00017158394798488796,0.0,0.0,0.0
3f51b8b92c3b52cf,3,24.634319305419922,0,1,0,0,-0.0006574130307381854,0.0,0.0,0.0
3f68aa4cebd65ce8,3,25.89384937286377,0,1,0,0,-0.0017802395437718221,0.0,0.0,0.0
3fabf2e29e5f5fc4,0,55.85947227478027,0,1,1,0,0.02456161299885906,0.0,0.0,0.0
4082f94c512b5d1f,0,25.43718147277832,0,1,0,0,-0.005247653558677623,0.0,0.0,0.0
40d5b1af93cf50e4,0,0.0,1,0,0,0,0.0,0.0,0.0,0.0
40e3009527ee5be5,3,6.422985076904297,0,1,1,0,0.0027017513092485457,0.0,0.0,0.0
4132da23bf54566f,4,0.0,1,0,0,0,0.0,0.0,0.0,0.0
418e74ddfb5f5ca0,3,0.0,1,0,0,0,0.0,0.0,0.0,0.0
41fdae5fd40d5324,3,54.72382926940918,0,1,1,0,0.001684176468983778,0.0,0.0,0.0
421dd5398e885a27,0,14.361166000366211,0,1,0,0,-0.00045789323750389244,0.0,0.0,0.0
42e1302d4d595015,1,7.205314636230469,0,0,0,0,0.0,0.0,0.0,0.0
431f7c6b100d5249,4,2.368711471557617,0,0,0,0,0.0,0.0,0.0,0.0
440a7c7dd1395be4,2,10.74368667602539,0,1,1,0,0.8792007747530215,1.0,0.0,0.0
45389fbdea6657a0,0,10.919157028198242,0,1,1,0,0.007225046338256935,0.0,0.0,0.0
460cfd36104e5450,2,5.2369384765625,0,1,1,0,0.001092318116868496,0.0,0.0,0.0
46bf28b955d051b1,0,5.926765441894531,0,1,0,0,-0.001401343595118676,0.0,0.0,0.0
46f5fac22c0b5cb0,0,2.7856616973876953,0,0,0,0,0.0,0.0,0.0,0.0
47cdc9127a1e55a7,4,15.205989837646484,0,1,0,0,-0.0010808684559995285,0.0,0.0,0.0
48fc14e048fb5fe2,1,103.09166884422302,0,0,0,0,0.0,0.0,0.0,0.0
48fd1a7abb7c59a6,0,0.6302947998046875,0,1,1,0,0.0003641945943524405,0.0,0.0,0.0
4a42412827f55dc1,2,6.621404647827148,0,1,0,0,-0.0027786368491260482,0.0,0.0,0.0
4a475083531f544e,1,41.17394256591797,0,1,0,0,-0.12360385477166802,0.0,0.0,0.0
4a90f1c8ef895e13,3,19.217914581298828,0,1,0,0,-0.009384625938088531,0.0,0.0,0.0
4ac48ad526735073,4,13.867679595947266,0,0,0,0,0.0,0.0,0.0,0.0
4b30de14589f513c,0,10.258094787597656,0,1,0,0,-0.002985620087428864,0.0,0.0,0.0
4d104d17dc625c04,4,69.27385330200195,0,1,1,0,0.001016615457754666,0.0,0.0,0.0
4d6b64ad777d51e8,3,15.355461120605469,0,1,0,0,-0.020967758522747126,0.0,0.0,0.0
4db8527b43a95f0d,3,17.378582000732422,0,1,0,0,-0.006175573117407351,0.0,0.0,0.0
4f1e4809df7255cd,3,15.567607879638672,0,1,0,0,-0.011349608194992089,0.0,0.0,0.0
4f48d8ce00c3509c,3,6.520298004150391,0,1,0,0,-0.012114877808184876,0.0,0.0,0.0
4f547ba1d6e953b1,3,0.0,1,0,0,0,0.0,0.0,0.0,0.0
4f74e2eb505a5fd0,0,5.715278625488281,0,0,0,0,0.0,0.0,0.0,0.0
4fc4718214135eee,4,14.592426300048828,0,1,1,0,0.4650582690651914,0.0,1.0,0.0
506ddb4d458f5a70,0,14.904491424560547,0,1,1,0,0.0020967358591872376,0.0,0.0,0.0
518c0014d1a45ca8,0,17.328304290771484,0,1,0,1,-0.8174848444753006,0.0,-1.0,-1.0
5214a5118acc5d75,4,5.859842300415039,0,0,0,0,0.0,0.0,0.0,0.0
524cadd627f25d7f,0,5.083217620849609,0,0,0,0,0.0,0.0,0.0,0.0
53620555ea3a5d3c,0,1.0800532102584839,0,1,1,0,0.004583688523897456,0.0,0.0,0.0
538923756bab555f,3,0.0,1,0,0,0,0.0,0.0,0.0,0.0
538f3eb865185615,3,164.6159735918045,0,1,1,0,0.01168031305340822,0.0,0.0,0.0
54059bb6b643525f,3,27.125385284423828,0,1,1,0,0.012804862415519369,0.0,0.0,0.0
5465043a8ae85d79,4,13.626419067382812,0,1,0,0,-0.015828096520726476,0.0,0.0,0.0
549a8da7bb0b5e8a,2,0.0,1,0,0,0,0.0,0.0,0.0,0.0
54dbabed00525444,0,0.6360073685646057,0,1,0,0,-0.007346228359580431,0.0,0.0,0.0
5583fb05984f5685,2,6.905727386474609,0,1,1,0,0.8314901730869448,1.0,0.0,0.0
5693aed0af7e548c,4,5.635442733764648,0,0,0,0,0.0,0.0,0.0,0.0
56e384e4189f536f,3,93.7242431640625,0,1,1,0,0.48419403754332335,0.0,0.0,0.0
5787abf0e35d54cf,1,14.865676879882812,0,1,0,0,-0.0027543790300371684,0.0,0.0,0.0
57a59636cde25b02,3,1.116943359375,0,0,0,0,0.0,0.0,0.0,0.0
581836f4f4365cc8,2,84.46335124969482,0,1,0,0,-0.0029114082822252474,0.0,0.0,0.0
586dc46118d75100,0,13.349227905273438,0,1,0,0,-0.021917724669795913,0.0,0.0,0.0
588dbd820a135056,3,14.562458038330078,0,0,0,0,0.0,0.0,0.0,0.0
58e646ea48eb59d3,4,15.272571563720703,0,1,0,0,-0.0058557451717655695,0.0,0.0,0.0
58f2e39eebc65d24,4,8.787141799926758,0,0,0,0,0.0,0.0,0.0,0.0
5979437fa70f5fd8,3,14.932014465332031,0,0,0,0,0.0,0.0,0.0,0.0
5991dfcee3185e01,0,7.084007263183594,0,1,1,0,0.6875,0.0,1.0,0.0
59b8dea90c1b5499,1,4.658748626708984,0,1,0,0,-0.0003298512598579606,0.0,0.0,0.0
59d1bd367a965623,3,0.0,1,0,0,0,0.0,0.0,0.0,0.0
5a917f5bb8815bd0,4,20.641315460205078,0,1,1,0,0.4314064250339478,0.0,0.0,0.0
5aa3112549445a00,2,8.717578887939453,0,1,1,0,0.0038855442341574342,0.0,0.0,0.0
5b06ed05f63a5554,2,13.874858856201172,0,1,0,0,-0.007282046699159217,0.0,0.0,0.0
5b4aedf8449c54ca,0,42.880496978759766,0,0,0,0,0.0,0.0,0.0,0.0
5c92fa52c5165a1e,0,6.864114761352539,0,0,0,0,0.0,0.0,0.0,0.0
5d0c2052e0a35e3f,4,2.3987789154052734,0,1,0,0,-0.012549529161245743,0.0,0.0,0.0
5da895ba0a415a80,2,6.6669158935546875,0,1,0,0,-0.006749254159719609,0.0,0.0,0.0
5e16781ce6685597,2,14.537700653076172,0,0,0,0,0.0,0.0,0.0,0.0
5e6ab34948a9514f,3,0.0,1,0,0,0,0.0,0.0,0.0,0.0
5eae283cb1b95a45,0,9.382209777832031,0,1,1,0,0.01548332991890633,0.0,0.0,0.0
5f4392860e5752ce,1,23.18275547027588,0,1,1,0,0.4516744622565962,0.0,0.0,0.0
5f60684cc6045646,3,0.0,1,0,0,0,0.0,0.0,0.0,0.0
5fde760ec9f05c3d,1,18.075233459472656,0,1,1,0,0.0011598425147225644,0.0,0.0,0.0
6004adf688695a08,3,19.303993225097656,0,0,0,0,0.0,0.0,0.0,0.0
60183447caa4548b,2,25.36017894744873,0,1,0,0,-0.0024447910955256447,0.0,0.0,0.0
60bd62401d0857f9,0,11.907135009765625,0,1,0,0,-0.01929819408197808,0.0,0.0,0.0
618892326e0c530e,2,3.432845115661621,0,1,0,0,-0.0008882218591843571,0.0,0.0,0.0
621fb14952d45fbc,1,10.760929107666016,0,1,0,0,0.0,0.0,1.0,1.0
6281e79a633155a3,4,16.693196296691895,0,1,1,0,0.0354721259775892,0.0,0.0,0.0
628e147a02bf5128,2,13.881256103515625,0,0,0,0,0.0,0.0,0.0,0.0
629734efb5f5564c,4,100.87335968017578,0,1,0,1,-0.6842782178457005,0.0,-1.0,-1.0
62f95fe3004d54c9,4,7.213125228881836,0,1,1,0,0.01811214759034574,0.0,0.0,0.0
637d23f7438f50f6,3,14.601455688476562,0,1,0,0,-0.00773953468046118,0.0,0.0,0.0
6429eb85b6ba5938,4,0.0,1,0,0,0,0.0,0.0,0.0,0.0
642e382b50db5133,4,14.635631561279297,0,1,0,0,-0.11996332214574579,0.0,0.0,0.0
648d283b25fa50d1,0,11.391674041748047,0,1,0,0,-0.0003114284514186272,0.0,0.0,0.0
64fe109ec6a858ec,1,5.819862365722656,0,0,0,0,0.0,0.0,0.0,0.0
6596827fb10b569a,0,12.862152099609375,0,1,1,0,0.12987966084627367,0.0,0.0,0.0
667054412512521b,3,60.618988037109375,0,1,1,0,0.006416044681840871,0.0,0.0,0.0
669d54218ee75215,4,7.362981796264648,0,0,0,0,0.0,0.0,0.0,0.0
66a39f4cabc85bc4,2,36.12651443481445,0,1,0,0,-0.014811221365820137,0.0,0.0,0.0
66da55b392b45a5d,4,0.0,1,0,0,0,0.0,0.0,0.0,0.0
6715d16e80075f55,4,0.9904701709747314,0,0,0,0,0.0,0.0,0.0,0.0
671ff8b7146358da,4,16.99952983856201,0,0,0,0,0.0,0.0,0.0,0.0
683e8d239bf75a5d,2,13.670967102050781,0,0,0,0,0.0,0.0,0.0,0.0
684af4044c445d01,2,14.145980834960938,0,1,0,0,-0.00581369015689881,0.0,0.0,0.0
68e20734e9415e24,1,3.6799936294555664,0,0,0,0,0.0,0.0,0.0,0.0
69244009b6eb50bf,4,5.121772766113281,0,0,0,0,0.0,0.0,0.0,0.0
69a069b9a6985aaf,2,5.742179870605469,0,0,0,0,0.0,0.0,0.0,0.0
69f3980cf2db525c,4,11.991363525390625,0,0,0,0,0.0,0.0,0.0,0.0
6a35a43b5e295b97,3,0.0,1,0,0,0,0.0,0.0,0.0,0.0
6a35bb3d0b895433,4,2.0573577880859375,0,1,0,0,-0.00023923060202968305,0.0,0.0,0.0
6a860de43c125dbf,1,7.945304870605469,0,1,0,0,-0.0017895859333926234,0.0,0.0,0.0
6b416b289a3b5858,4,1.1598529815673828,0,0,0,0,0.0,0.0,0.0,0.0
6b5577a2a92d5e63,1,9.11659049987793,0,0,0,0,0.0,0.0,0.0,0.0
6c6d30fe3b6e59f0,4,0.9912586212158203,0,1,0,0,-0.00537493228853525,0.0,0.0,0.0
6c82dcb2637f5ad4,0,14.675895690917969,0,1,1,0,0.0009198909408701939,0.0,0.0,0.0
6c95d9b03b7a5944,1,15.280258178710938,0,1,0,0,-0.026481136432669916,0.0,0.0,0.0
6d5d40bcf2f153a8,1,2.0832252502441406,0,1,0,0,-9.976811541556607e-05,0.0,0.0,0.0
6e9b901524355c0b,4,3.1037654876708984,0,0,0,0,0.0,0.0,0.0,0.0
6ed7b0d3fc715d28,3,6.6902265548706055,0,1,0,0,-0.013571629838944888,0.0,0.0,0.0
6f319806306450c0,3,14.183700561523438,0,1,0,0,-0.04316707069047543,0.0,0.0,0.0
6f8bc109eabc5ad5,0,22.432064056396484,0,0,0,0,0.0,0.0,0.0,0.0
6fc9e653b0ee5565,0,0.5309486389160156,0,0,0,0,0.0,0.0,0.0,0.0
70a67a5dedae584b,0,6.352148056030273,0,1,1,0,0.00033984376408913164,0.0,0.0,0.0
70c45003ec3e527b,0,65.212158203125,0,1,0,1,-0.6948192099637682,0.0,-1.0,-1.0
713177596893526a,2,0.6258125305175781,0,0,0,0,0.0,0.0,0.0,0.0
71589a780d925ed6,2,0.0,1,0,0,0,0.0,0.0,0.0,0.0
73458ba61f445d19,0,0.0,1,0,0,0,0.0,0.0,0.0,0.0
73963278f6eb5002,1,11.594560623168945,0,1,1,0,0.007070966333136419,0.0,0.0,0.0
73cd1e45d87156ee,1,95.52678054571152,0,1,0,0,-0.004078161850932571,0.0,0.0,0.0
7418da8c04e85efb,4,11.60890007019043,0,0,0,0,0.0,0.0,0.0,0.0
7476e5ad4711587f,3,11.202198028564453,0,0,0,0,0.0,0.0,0.0,0.0
75fd8a14d25350e5,2,16.293106079101562,0,1,1,0,0.7923665890888174,0.0,1.0,1.0
761122460ac451ca,4,2.0425758361816406,0,1,1,0,0.008610142851413816,0.0,0.0,0.0
7647b4788f795d71,0,14.127307891845703,0,0,0,0,0.0,0.0,0.0,0.0
77d52cd328e05b79,3,14.790557861328125,0,1,0,0,-0.008114084341817707,0.0,0.0,0.0
77f9220d917b52d0,0,7.566741943359375,0,1,0,0,-0.007705593856266124,0.0,0.0,0.0
78a96b59eca751e7,3,5.257829666137695,0,1,1,0,0.18047551168170084,0.0,0.0,1.0
78dae1caad5656a7,2,9.063446044921875,0,1,0,0,-0.0012516087464183867,0.0,0.0,0.0
799dcf813dba5d8a,1,10.535261154174805,0,1,1,0,0.126923026484016,0.0,0.0,0.0
79a3cfc7d4535d5f,1,1.0464977025985718,0,1,1,0,1.3624520653676697e-05,0.0,0.0,0.0
79a429b2a2b450e7,2,4.681266784667969,0,0,0,0,0.0,0.0,0.0,0.0
7a1756cf8f7a566e,4,11.200471878051758,0,0,0,0,0.0,0.0,0.0,0.0
7a90e31caaa35114,1,59.91923141479492,0,1,0,0,-0.008592734291813953,0.0,0.0,0.0
7a9a7b86210b5dc4,1,0.0,1,0,0,0,0.0,0.0,0.0,0.0
7b1eb807d4d95132,1,6.5765533447265625,0,1,1,0,0.06785658081717971,0.0,0.0,0.0
7b6dfa3d4bc553a9,1,2.0267715454101562,0,1,0,0,-0.0021514882378315114,0.0,0.0,0.0
7c39359aaa345e52,2,0.0,1,0,0,0,0.0,0.0,0.0,0.0
7c467941fb3d5524,3,2.081554412841797,0,1,0,0,-0.0006447352997706046,0.0,0.0,0.0
7c8389cb32f25aed,4,11.880439758300781,0,1,0,1,0.0,0.0,-1.0,-1.0
7ca96f8e844f56ca,0,16.42610740661621,0,0,0,0,0.0,0.0,0.0,0.0
7d363b1db0fc5975,0,7.163585662841797,0,0,0,0,0.0,0.0,0.0,0.0
7d8759e340975895,2,1.5866165161132812,0,0,0,0,0.0,0.0,0.0,0.0
7defa49de9415496,3,15.052364349365234,0,1,1,0,0.010798979819557797,0.0,0.0,0.0
7f9f132592f45a84,3,24.44500732421875,0,1,0,0,-0.007586786912490817,0.0,0.0,0.0
80bebabe4c6f5627,4,15.059856414794922,0,1,0,0,-0.0015627186451750985,0.0,0.0,0.0
80c337fb67145ff6,0,2.0336532592773438,0,0,0,0,0.0,0.0,0.0,0.0
82bcaf16eea459db,3,3.4998666644096375,0,1,1,0,0.012035473146321585,0.0,0.0,0.0
83d128720881565a,0,14.634113311767578,0,1,1,0,0.00034961300828528774,0.0,0.0,0.0
842b7f0b68fc5245,1,16.351064682006836,0,0,0,0,0.0,0.0,0.0,0.0
84ed4f2cc4f057ce,0,2.044797897338867,0,1,0,0,-0.0032372082436769034,0.0,0.0,0.0
8515fe3938815bd1,3,13.572784423828125,0,1,1,0,0.30642514535673704,0.0,0.0,1.0
864541f05d165c97,0,10.320592880249023,0,0,0,0,0.0,0.0,0.0,0.0
86839ab67df151f2,1,3.5678272247314453,0,1,0,0,-0.000241559452446527,0.0,0.0,0.0
86935537a5e256bd,1,11.734642028808594,0,1,1,0,0.00829840358552314,0.0,0.0,0.0
86abbd3f53575fd5,3,13.985252380371094,0,1,0,1,-0.7878840033603236,0.0,-1.0,-1.0
8724d825e1c15a99,2,7.973537445068359,0,0,0,0,0.0,0.0,0.0,0.0
8813e8c6790a59d3,0,3.205690383911133,0,1,1,0,0.0055078240477768325,0.0,0.0,0.0
884e1c90e87b5fab,2,0.0,1,0,0,0,0.0,0.0,0.0,0.0
89ec4c93349d5b58,1,10.997566223144531,0,1,0,0,-0.00718023719974481,0.0,0.0,0.0
8a15e547b0d15f42,4,15.319035530090332,0,1,0,0,-0.017267312320797923,0.0,0.0,0.0
8ad88f000c1750a0,3,13.97174072265625,0,0,0,0,0.0,0.0,0.0,0.0
8aeb517756f55681,2,7.091609954833984,0,1,1,0,0.0034089054386641227,0.0,0.0,0.0
8bdafd4a1d7c50eb,0,22.477231979370117,0,1,0,0,-0.001959400947624257,0.0,0.0,0.0
8ce184b9fe795518,1,6.315786838531494,0,0,0,0,0.0,0.0,0.0,0.0
8e6c888a92425ff1,0,15.983610153198242,0,1,0,0,-0.002280852201748007,0.0,0.0,0.0
8f090017c0c45c30,2,7.397342681884766,0,1,0,0,-0.14864430453538446,0.0,0.0,0.0
8f2f7b6da7495074,0,0.0,1,0,0,0,0.0,0.0,0.0,0.0
90244d4079fe5582,2,0.0,1,0,0,0,0.0,0.0,0.0,0.0
9389f1437d2b5fad,4,3.143655776977539,0,0,0,0,0.0,0.0,0.0,0.0
948d834b78515695,1,8.947795867919922,0,1,1,0,0.49640940389331656,0.0,0.0,0.0
953f6386bfae55d0,4,0.6476860046386719,0,0,0,0,0.0,0.0,0.0,0.0
95a810911ba359ec,0,5.190439701080322,0,1,1,0,0.002738115554256071,0.0,0.0,0.0
9626975e16725ec8,0,9.814950942993164,0,1,0,1,-0.9432257584317518,-1.0,0.0,0.0
9857fe6079dc5b65,3,17.420673370361328,0,1,1,0,0.0018061286914644592,0.0,0.0,0.0
986b52e5fc685833,3,14.221870422363281,0,0,0,0,0.0,0.0,0.0,0.0
98dbc922be205d29,3,15.242512702941895,0,1,0,0,-0.0034087470245232065,0.0,0.0,0.0
99426aa893625f69,0,12.371540069580078,0,0,0,0,0.0,0.0,0.0,0.0
9a3e4f2df62b54fa,1,2.069843292236328,0,0,0,0,0.0,0.0,0.0,0.0
9a807a00fda657be,3,14.157245635986328,0,1,1,0,0.002251666999995683,0.0,0.0,0.0
9a82cf7a1636581e,0,51.65120315551758,0,1,0,0,0.0,0.0,1.0,0.0
9bcb80a60af853a2,3,0.0,1,0,0,0,0.0,0.0,0.0,0.0
9c2eb9c5b45f522b,2,173.548075735569,0,1,0,0,-0.0016309320897275326,0.0,0.0,0.0
9c5700ab41865a07,3,0.5351570844650269,0,0,0,0,0.0,0.0,0.0,0.0
9c925a1f1799553e,4,3.011240005493164,0,1,1,0,0.4448698661433872,0.0,1.0,0.0
9ca3798eb199579e,1,22.20897674560547,0,1,1,0,0.563133156840727,0.0,1.0,0.0
9cb860301c105ca7,0,0.0,1,0,0,0,0.0,0.0,0.0,0.0
9d6b57b25d0e5698,2,11.012110710144043,0,1,0,0,-0.7563981467842167,0.0,0.0,0.0
9d7dd692cec75a40,4,5.316841125488281,0,1,1,0,0.0019775686065736098,0.0,0.0,0.0
9d81a9a1677354a1,3,37.12069129943848,0,1,0,1,0.15734797651754712,0.0,0.0,-1.0
9ddade724a6a54e2,4,8.4326171875,0,1,0,1,-0.3116182946724255,0.0,0.0,-1.0
9e720f0176b35d63,0,25.794294357299805,0,0,0,0,0.0,0.0,0.0,0.0
9f32f8bd95195212,3,11.102941513061523,0,0,0,0,0.0,0.0,0.0,0.0
9fb5b34a36925a6c,0,0.47595977783203125,0,0,0,0,0.0,0.0,0.0,0.0
a054dd394e1b559c,0,15.801504135131836,0,1,0,0,-0.003582360001499918,0.0,0.0,0.0
a1c1a996e52f5c4e,0,21.957168579101562,0,0,0,0,0.0,0.0,0.0,0.0
a1c64a274ecc54b0,2,231.74712085723877,0,0,0,0,0.0,0.0,0.0,0.0
a1ceb182eb7250a1,0,14.722942352294922,0,1,1,0,0.13846897745826414,0.0,0.0,0.0
a2326fd4694d5191,3,42.43638610839844,0,0,0,0,0.0,0.0,0.0,0.0
a370a9747c5e599b,3,4.998707354068756,0,0,0,0,0.0,0.0,0.0,0.0
a3b5d1855e7e5d96,0,4.740521430969238,0,1,0,1,-0.43860226270246067,-1.0,0.0,0.0
a5836bf6d71f58f2,1,17.117713928222656,0,0,0,0,0.0,0.0,0.0,0.0
a5a77a41a5d4527c,2,48.384552001953125,0,1,0,1,-0.9765267961612268,-1.0,0.0,0.0
a5fc167ac3e45fec,4,6.802581787109375,0,1,0,0,-0.03188512018546896,0.0,0.0,0.0
a63aaf23916e5f10,2,6.8971405029296875,0,1,0,0,-9.206802053107754e-05,0.0,0.0,0.0
a657d16d34c3519a,0,4.081417083740234,0,1,0,0,-0.0006048811735079873,0.0,0.0,0.0
a67f3948c2445760,0,15.049530029296875,0,1,1,0,0.000592865466227277,0.0,0.0,0.0
a6bf958e054951f3,1,7.2817535400390625,0,1,1,0,0.05844209393398958,0.0,0.0,0.0
a75ce500226f5481,0,9.681657791137695,0,1,0,0,-0.00022082654587640693,0.0,0.0,0.0
a7c4607a69e55039,1,25.913516998291016,0,1,0,0,-0.01813926663747123,0.0,0.0,0.0
a8e99095a8235549,0,4.261325359344482,0,0,0,0,0.0,0.0,0.0,0.0
a99fbe3c63d15894,2,1.3293113708496094,0,0,0,0,0.0,0.0,0.0,0.0
a9e5024892425a19,2,3.322935104370117,0,1,0,0,-0.43800083281309443,0.0,0.0,1.0
aaf8a6e715785915,2,0.34952226281166077,0,0,0,0,0.0,0.0,0.0,0.0
ab77602df4a154f7,2,0.9343013763427734,0,0,0,0,0.0,0.0,0.0,0.0
ac29e7c780d75eee,2,20.677078247070312,0,1,1,0,0.0030890137347957536,0.0,0.0,0.0
ac768eabfa5c5725,3,15.579341888427734,0,1,0,0,-0.014447084004876598,0.0,0.0,0.0
ac7fee08538b5bb0,4,1.547119140625,0,0,0,0,0.0,0.0,0.0,0.0
acdcf9be0fc85495,2,6.558793067932129,0,0,0,0,0.0,0.0,0.0,0.0
ad4b812be67052a1,4,3.3106842041015625,0,1,1,0,0.022404706856081424,0.0,0.0,0.0
ad963f2915a657a4,3,24.994873046875,0,1,1,0,0.003116783946376933,0.0,0.0,0.0
ad9cdad9769f572f,1,7.7092132568359375,0,0,0,0,0.0,0.0,0.0,0.0
ae1909ec83115e90,3,14.431175231933594,0,1,0,0,-0.01115394362160893,0.0,0.0,0.0
ae93b0cb5f2752c9,1,2.948240280151367,0,0,0,0,0.0,0.0,0.0,0.0
aeb0da156a7b5426,1,9.888010025024414,0,0,0,0,0.0,0.0,0.0,0.0
aed1237adf57578c,0,14.558269500732422,0,0,0,0,0.0,0.0,0.0,0.0
b003a3bfbdb252e3,2,25.80246925354004,0,0,0,0,0.0,0.0,0.0,0.0
b0b57e6ca331564e,3,1.7725296020507812,0,1,0,0,-0.00411772508559527,0.0,0.0,0.0
b16054ccc4bd54f9,4,35.1624870300293,0,1,0,1,0.0,0.0,-1.0,-1.0
b183aa1eebac52fc,3,62.2907600402832,0,1,1,0,0.16066645232988264,0.0,0.0,0.0
b2f2a9a83437555c,0,0.5753863453865051,0,1,1,0,0.005395552016720817,0.0,0.0,0.0
b39ff897a8695a97,4,0.9477435350418091,0,1,1,0,0.00922483974662458,0.0,0.0,0.0
b3c270be7e145adc,4,8.93931770324707,0,1,0,0,-0.010645028821147928,0.0,0.0,0.0
b4a3828e9a685c84,2,28.860721588134766,0,1,1,0,0.0009934057987536216,0.0,0.0,0.0
b4c84a922cb957a8,3,2.4332618713378906,0,0,0,0,0.0,0.0,0.0,0.0
b66888a9942d59ff,0,10.773624420166016,0,1,0,1,-0.8640213759429988,-1.0,0.0,0.0
b66ea7e3342b533b,1,14.971565246582031,0,0,0,0,0.0,0.0,0.0,0.0
b66edb8535dd5ec1,3,0.0,1,0,0,0,0.0,0.0,0.0,0.0
b704090abc8d5afe,0,2.0807762145996094,0,1,0,0,-0.000263544979367647,0.0,0.0,0.0
b7c6fe6429785952,0,9.833185195922852,0,1,0,1,-0.41208710727983616,0.0,-1.0,-1.0
b7cc1a0b6eca5a11,4,10.296552658081055,0,1,1,0,0.0159678592807857,0.0,0.0,0.0
b8091003cbb95da3,1,18.64710235595703,0,0,0,0,0.0,0.0,0.0,0.0
b8c14f4001735d94,3,0.519321084022522,0,0,0,0,0.0,0.0,0.0,0.0
b95dc2615771588d,0,3.1946163177490234,0,0,0,0,0.0,0.0,0.0,0.0
ba5ddc3d1d5d56ad,0,2.761648178100586,0,1,0,0,-0.019772505842975963,0.0,0.0,0.0
ba95a132236555b4,3,15.754372596740723,0,1,1,0,0.02500273468699754,0.0,0.0,0.0
baef81dee84a5ff1,3,15.57547378540039,0,1,0,1,-0.787054020114011,0.0,-1.0,-1.0
bb1419c18f39553e,2,2.0268402099609375,0,1,0,0,-0.0003878340584633211,0.0,0.0,0.0
bb77e9686029538d,3,84.43236291408539,0,1,0,0,-0.008294648599400212,0.0,0.0,0.0
bbc08519add25675,0,16.23023796081543,0,1,0,0,-0.011083975370312804,0.0,0.0,0.0
bc346dea1bcd5cc3,3,6.585287094116211,0,1,1,0,0.01027176149819975,0.0,0.0,0.0
bc50e785e5cf5d5e,3,0.0,1,0,0,0,0.0,0.0,0.0,0.0
bcb7ec6d46f45180,4,0.3932456970214844,0,1,0,0,-0.004519946500339156,0.0,0.0,0.0
bce79a86a0b75d48,3,2.9602813720703125,0,1,0,0,-0.05849162736896163,0.0,0.0,0.0
be3f5af9cebd56a0,3,30.590232849121094,0,0,0,0,0.0,0.0,0.0,0.0
be58ded948ea5c00,2,8.426298141479492,0,0,0,0,0.0,0.0,0.0,0.0
be7fe135f5665966,3,41.94719314575195,0,1,0,0,-0.0007186454637857498,0.0,0.0,0.0
beeb2d538d7f53d8,4,7.865776062011719,0,0,0,0,0.0,0.0,0.0,0.0
bef88a7c044b5ebe,3,1.9058892726898193,0,1,1,0,0.00011831343529178362,0.0,0.0,0.0
c031140da54d502a,0,0.0,1,0,0,0,0.0,0.0,0.0,0.0
c075c65bf21d5842,3,13.30655288696289,0,1,0,0,-0.0034046803326744923,0.0,0.0,0.0
c0eff628bb5d57f2,1,13.477684020996094,0,0,0,0,0.0,0.0,0.0,0.0
c1dbec763983596c,4,0.4483722448348999,0,1,0,0,-0.006262798599306008,0.0,0.0,0.0
c1dd6c577b0f573a,2,0.0,1,0,0,0,0.0,0.0,0.0,0.0
c23e9cc0ed7e5b21,0,5.992122650146484,0,1,0,0,-0.014066762565422497,0.0,0.0,0.0
c25f5ca801be5075,4,27.15416717529297,0,1,1,0,0.0037403721968438663,0.0,0.0,0.0
c2c39f197ef95b97,1,54.70010185241699,0,1,1,0,0.3698032277968597,0.0,1.0,0.0
c2ef8af22b6b57fa,1,1.0074405670166016,0,0,0,0,0.0,0.0,0.0,0.0
c34206b68ee6576f,3,10.258769989013672,0,0,0,0,0.0,0.0,0.0,0.0
c3fd16e5694a5353,0,0.0,1,0,0,0,0.0,0.0,0.0,0.0
c4292750158e5a5f,4,5.767717361450195,0,1,0,0,-0.349920517651494,0.0,0.0,0.0
c49669e6594c55d7,4,2.176055908203125,0,0,0,0,0.0,0.0,0.0,0.0
c4a7fbc6d1e35668,2,7.652958869934082,0,0,0,0,0.0,0.0,0.0,0.0
c4b429aa06c65c18,1,4.041154861450195,0,0,0,0,0.0,0.0,0.0,0.0
c65275d1d5af5014,2,0.0,1,0,0,0,0.0,0.0,0.0,0.0
c6eebddd3a955416,2,0.0,1,0,0,0,0.0,0.0,0.0,0.0
c70954fab4a650c7,4,7.88339376449585,0,1,0,0,-0.010950011410656546,0.0,0.0,0.0
c70bcca6e16953d7,0,94.5088882446289,0,1,0,0,-0.2410086904191553,0.0,0.0,0.0
c7bff0705f645b30,3,15.573020935058594,0,1,0,1,-0.8617350959258898,0.0,-1.0,-1.0
c81dc86e054f566d,0,13.38772964477539,0,1,0,0,-0.0016557029431670811,0.0,0.0,0.0
c8c5d04b848e504c,0,57.68872833251953,0,0,0,0,0.0,0.0,0.0,0.0
c9281513f02f50f2,1,1.8500404357910156,0,0,0,0,0.0,0.0,0.0,0.0
c9a1d813d64c52d1,4,32.36147403717041,0,0,0,0,0.0,0.0,0.0,0.0
ccb8e05950fc5fca,3,43.72213363647461,0,0,0,0,0.0,0.0,0.0,0.0
cdabe76a1ba75152,0,1.7643356323242188,0,1,1,0,0.009587309127424781,0.0,0.0,0.0
cdccf3dfd4e153cc,0,14.99212646484375,0,1,0,0,-0.011812937805333878,0.0,0.0,0.0
cf7a886f70be5245,1,3.5216732025146484,0,1,1,0,0.0017804954345426172,0.0,0.0,0.0
cfdc02dc40405e6f,3,3.330235481262207,0,0,0,0,0.0,0.0,0.0,0.0
cffbf96734fa5f35,0,12.835399627685547,0,0,0,0,0.0,0.0,0.0,0.0
d04f957744a353ba,0,53.57402992248535,0,1,1,0,0.1554247365041992,0.0,0.0,1.0
d07acbfa3a6e55b0,1,0.0,1,0,0,0,0.0,0.0,0.0,0.0
d0c144dfeca55025,0,4.463056564331055,0,1,1,0,0.008371267469204358,0.0,0.0,0.0
d0da55bb38fb5e83,4,6.63298225402832,0,0,0,0,0.0,0.0,0.0,0.0
d1d8fef2f07e554f,0,55.32267761230469,0,1,1,0,0.03882665909230554,0.0,0.0,0.0
d1f387a440e25adc,3,18.46723747253418,0,1,0,1,-0.8400860477993184,0.0,-1.0,-1.0
d22547ad7061548d,1,2.587662696838379,0,1,0,0,-0.00044230267020062275,0.0,0.0,0.0
d3578202f06d5c62,0,2.2372379302978516,0,1,1,0,0.005795680987370155,0.0,0.0,0.0
d3e0b427c9095c6f,0,13.460617065429688,0,1,0,0,-0.002702093260870453,0.0,0.0,0.0
d5b4a2295da55f8c,0,7.242673397064209,0,1,0,0,-0.0076893394952208816,0.0,0.0,0.0
d5ef40ff0f715517,4,2.0335330963134766,0,1,0,0,-0.0004625218532858799,0.0,0.0,0.0
d72a6e0e28a159a2,4,9.34052848815918,0,0,0,0,0.0,0.0,0.0,0.0
d74df20dba705137,2,13.388458251953125,0,1,1,0,0.0035832425621467046,0.0,0.0,0.0
d7ed9fbf26d0502e,1,15.545646667480469,0,1,0,1,-0.8567724286936083,0.0,-1.0,-1.0
d8a9f79a9b2f5af3,1,182.11365509033203,0,1,1,0,0.540541645553709,0.0,0.0,0.0
da13a4ab1eaf5a07,4,17.384689331054688,0,1,0,0,-0.00020285740445979972,0.0,0.0,0.0
da9bf29b3087547f,4,24.468341827392578,0,1,1,0,2.221019824066861e-05,0.0,0.0,0.0
db167c9f01af53f1,2,15.562850952148438,0,1,0,0,-0.0157500219827027,0.0,0.0,0.0
db219c4afef9558d,0,8.200401306152344,0,0,0,0,0.0,0.0,0.0,0.0
dc6d75a4555c5fd6,2,8.338470458984375,0,0,0,0,0.0,0.0,0.0,0.0
de2c82b474d85dd5,0,0.4988117218017578,0,0,0,0,0.0,0.0,0.0,0.0
de3c0c52e7815332,3,49.512277126312256,0,1,1,0,0.5427032955457248,0.0,0.0,0.0
de3f8268d1675268,4,198.2165722846985,0,1,1,0,0.0003569507103825531,0.0,0.0,0.0
dec7d1a6632a516c,0,5.424140930175781,0,1,0,0,-0.0008276766502736121,0.0,0.0,0.0
deeae175505b5728,4,2.859466552734375,0,1,0,0,-0.011738854061923543,0.0,0.0,0.0
e056339b5ad457ea,4,0.38043975830078125,0,1,0,0,-0.0035680584815596106,0.0,0.0,0.0
e14c53a47ffc5fe0,0,10.009977340698242,0,1,0,0,-0.009679320053750495,0.0,0.0,0.0
e1c764e511515749,2,2.6468162536621094,0,1,0,0,-0.000752094300613404,0.0,0.0,0.0
e2022a0506df54c7,3,2.1214022636413574,0,0,0,0,0.0,0.0,0.0,0.0
e2becee9277c5811,1,83.9322099685669,0,1,0,0,-0.008594572485732255,0.0,0.0,0.0
e2c31e25cb35514d,1,0.0,1,0,0,0,0.0,0.0,0.0,0.0
e4499494731e5026,4,22.890463829040527,0,1,1,0,0.001338394472551352,0.0,0.0,0.0
e4f303186cdb50b1,0,22.475460052490234,0,1,0,0,-0.00048707442043793847,0.0,0.0,0.0
e516f368a8fb5a16,3,15.030746459960938,0,1,1,0,0.0018598571454635504,0.0,0.0,0.0
e75b5a59035b5493,2,2.0691909790039062,0,0,0,0,0.0,0.0,0.0,0.0
e7e3b8bf23835b2a,4,3.310574531555176,0,0,0,0,0.0,0.0,0.0,0.0
e7ee1c000ef85255,0,11.154172420501709,0,0,0,0,0.0,0.0,0.0,0.0
e88d31e512eb52aa,1,8.134124755859375,0,0,0,0,0.0,0.0,0.0,0.0
ea01c4873e9b5cf8,4,15.75442123413086,0,1,1,0,0.002301539620275017,0.0,0.0,0.0
ea5915d23f345a29,0,24.336496353149414,0,0,0,0,0.0,0.0,0.0,0.0
eae558be27b1587b,4,21.8049373626709,0,0,0,0,0.0,0.0,0.0,0.0
eb02028413fb5a92,4,23.149932861328125,0,1,1,0,0.0017787926147377897,0.0,0.0,0.0
ebdc46dacb5f53f2,1,2.082080841064453,0,0,0,0,0.0,0.0,0.0,0.0
ec003315c7f8544e,1,7.447456359863281,0,0,0,0,0.0,0.0,0.0,0.0
ec0f4f7c37615b20,2,9.86027717590332,0,0,0,0,0.0,0.0,0.0,0.0
ec65e8cddb3d5fbd,4,12.740108489990234,0,1,0,0,-0.005598955794441807,0.0,0.0,0.0
ed710413165b5ca4,4,15.327320098876953,0,1,0,0,-0.004271083401478859,0.0,0.0,0.0
edf9d12992c9551c,2,5.188311576843262,0,0,0,0,0.0,0.0,0.0,0.0
ee17abab9d83514f,0,1.127298355102539,0,1,1,0,0.0003543513994783698,0.0,0.0,0.0
eef9e53ca3eb51a8,1,30.278457641601562,0,0,0,0,0.0,0.0,0.0,0.0
efc9ce296b1955e3,3,2.5181045532226562,0,1,0,0,0.0,1.0,0.0,0.0
f0a54058d2af5c6c,2,9.697935104370117,0,1,1,0,0.15667981706569406,0.0,0.0,1.0
f110d20f7a7957b7,4,4.542747497558594,0,1,1,0,0.008896627591043371,0.0,0.0,0.0
f125490e18b15e5c,2,2.073986053466797,0,0,0,0,0.0,0.0,0.0,0.0
f1d77af4b7285825,2,0.13709449768066406,0,0,0,0,0.0,0.0,0.0,0.0
f26eb5a6f93c50b4,3,19.24488353729248,0,1,0,0,-0.0002547844282195788,0.0,0.0,0.0
f28c5026aff854cb,3,2.0445594787597656,0,0,0,0,0.0,0.0,0.0,0.0
f2c4bbcda8c650a3,4,35.86436462402344,0,1,0,0,-0.0009891718332821764,0.0,0.0,0.0
f390221c855a53d1,0,8.42148208618164,0,1,0,0,-0.0009914511845683371,0.0,0.0,0.0
f462fca7c1f8594c,3,4.5179595947265625,0,1,0,0,-0.01074019919747704,0.0,0.0,0.0
f473bc020969511e,0,5.428712844848633,0,1,0,0,-0.011112492057806067,0.0,0.0,0.0
f4ba7c7ca86f5233,0,3.2096147537231445,0,1,0,0,-0.0008021979208930885,0.0,0.0,0.0
f533a754e0245b89,2,1.751546859741211,0,0,0,0,0.0,0.0,0.0,0.0
f53a6e7af3825751,4,0.6866095066070557,0,1,0,0,-0.00043119323874962756,0.0,0.0,0.0
f6cbfc9328fd5914,0,3.3358688354492188,0,0,0,0,0.0,0.0,0.0,0.0
f7050dbcd3c954f3,1,17.580625534057617,0,1,1,0,0.002673518471885683,0.0,0.0,0.0
f757646a2d865977,1,0.8406227231025696,0,1,1,0,0.9315728904507745,0.0,1.0,1.0
f80967dcb45f5879,1,1.6340638399124146,0,1,1,0,0.003840758156354984,0.0,0.0,0.0
f8295ad66d0b502a,1,11.238323211669922,0,0,0,0,0.0,0.0,0.0,0.0
f845609710815b95,1,18.127750396728516,0,1,1,0,0.0011134548821546408,0.0,0.0,0.0
f88a28f7b54555ea,3,2.081266403198242,0,1,0,0,-0.0005896557379256873,0.0,0.0,0.0
f94f2bcde8345a9a,2,31.439888954162598,0,0,0,0,0.0,0.0,0.0,0.0
f9922d29f7ca5693,4,3.523965835571289,0,1,1,0,0.0009521076638605575,0.0,0.0,0.0
f997536112085ece,3,12.646505355834961,0,1,0,0,-0.0017684731545379861,0.0,0.0,0.0
f9c3f5c430be54aa,2,1.0097904205322266,0,0,0,0,0.0,0.0,0.0,0.0
faf6056c372e54f2,3,10.377878189086914,0,1,0,0,-0.016290817550811743,0.0,0.0,0.0
faf93d61f8bd5238,3,17.19655418395996,0,1,1,0,0.0003716329739691382,0.0,0.0,0.0
fb0869a379e05f37,3,3.912294387817383,0,1,1,0,0.009971300776741465,0.0,0.0,0.0
fbd37ced14a15418,4,5.650638580322266,0,1,1,0,0.013627697904440184,0.0,0.0,0.0
fbe3cf848a4c5391,4,0.16017818450927734,0,0,0,0,0.0,0.0,0.0,0.0
fc25adef73d35a71,1,15.291236877441406,0,1,1,0,7.845279833207375e-05,0.0,0.0,0.0
fd35b4e54a465e54,0,3.848194122314453,0,0,0,0,0.0,0.0,0.0,0.0
fe98c3c19baf5ea3,0,29.187885284423828,0,1,0,1,0.0,-1.0,0.0,1.0
fee89379e3375727,3,93.58803087472916,0,1,0,0,-0.010440811248165538,0.0,0.0,0.0
fefa06851c7f58a7,1,2.4752044677734375,0,0,0,0,0.0,0.0,0.0,0.0
ff54f555627f5338,4,14.126327514648438,0,0,0,0,0.0,0.0,0.0,0.0
