scenario_token,outer_test_fold,calibration_fold,candidate_count,positive_opportunity,rsm_selected_action,rsm_selected_score,rsm_selected_teacher_improvement,avr_selected_action,avr_value,dense_selected_action,dense_value,davr_selected_action,davr_value,rsm_proposal,rsm_true_positive,rsm_catastrophe,dense_accept,davr_accept,dense_false_veto_positive,dense_accept_catastrophe,davr_false_veto_positive,davr_accept_catastrophe
30e193cab0fc5a5d,0,1,9,0,-1,,,-1,,-1,,-1,,0,0,0,0,0,0,0,0,0
366e33370f605634,0,1,4,1,28,0.1768938681841109,1.2326923098775555,-1,-0.0317668932292337,28,0.1904850688958888,28,0.0922328699990588,1,1,0,1,1,0,0,0,0
3fabf2e29e5f5fc4,0,1,18,1,22,0.1364086511968436,0.0002032831884921,-1,-0.0544544914250192,22,0.0969791380535447,22,0.0224436851086382,1,1,0,1,1,0,0,0,0
46f5fac22c0b5cb0,0,1,5,0,5,0.0060178534605635,-0.0008687456113751,-1,-0.1275244722132917,-1,-0.0139948135039534,-1,-0.0603829500951215,1,0,0,0,0,0,0,0,0
518c0014d1a45ca8,0,1,13,1,12,0.2711649932888276,-0.0001304086467248,12,0.0210619061943459,12,0.038710561622988,-1,-0.0210457108813346,1,0,0,1,0,0,0,0,0
586dc46118d75100,0,1,14,1,9,0.2774287955593529,-0.0004047478932421,9,0.0245720918785728,-1,-0.0188280040061411,-1,-0.0639902552417492,1,0,0,0,0,0,0,0,0
6596827fb10b569a,0,1,23,1,1,0.0822380271686119,0.0005793339748345,-1,-0.084811284433045,1,0.0057937603225926,-1,-0.0456135293208708,1,1,0,1,0,0,0,1,0
8f79455cf8a85fb9,0,1,4,0,-1,,,-1,,-1,,-1,,0,0,0,0,0,0,0,0,0
b2f2a9a83437555c,0,1,1,0,7,0.1282250643340419,-0.0007529566446319,-1,-0.0590405093436572,-1,-0.0144863250278289,-1,-0.0607497951530393,1,0,0,0,0,0,0,0,0
d1d8fef2f07e554f,0,1,27,1,19,0.2587082015109109,-6.528710596098719e-05,19,0.0140812177431805,19,0.2180412382373967,19,0.1127997215315966,1,0,0,1,1,0,0,0,0
d3578202f06d5c62,0,1,25,1,26,0.0756410325747795,8.269424438478445e-05,-1,-0.0885081884830273,26,0.0280336791624671,-1,-0.029014520104216,1,1,0,1,0,0,0,1,0
e7ee1c000ef85255,0,1,16,1,9,0.1387198737497646,0.0005864605173468,-1,-0.0531593004263344,-1,-0.002720953584569,-1,-0.0519685801481585,1,1,0,0,0,1,0,1,0
e8a90962974f55d3,0,1,12,1,-1,,,-1,,-1,,-1,,0,0,0,0,0,0,0,0,0
f390221c855a53d1,0,1,17,1,23,0.1231167918763268,0.0001769104883706,-1,-0.0619031451801327,23,0.0800585133995113,23,0.009814789895213,1,1,0,1,1,0,0,0,0
f473bc020969511e,0,1,24,1,2,0.3726935804696051,0.002340053756078,2,0.0779577304668871,2,0.1353765686081339,2,0.0511020317627073,1,1,0,1,1,0,0,0,0
5eae283cb1b95a45,0,1,6,1,25,0.168801985923207,0.0002113920846953,-1,-0.0363015206079317,25,0.0073134818096157,-1,-0.0444792683934156,1,1,0,1,0,0,0,1,0
ea5915d23f345a29,0,1,6,1,26,0.253337737852979,-6.736000906726325e-06,26,0.0110716520136811,26,0.0631582349836443,-1,-0.0027989196784946,1,0,0,1,0,0,0,0,0
190d01845dda5596,0,1,4,0,-1,,,-1,,-1,,-1,,0,0,0,0,0,0,0,0,0
247baf6242815059,0,1,20,1,12,0.1064046111683757,-0.0004707026612013,-1,-0.0712685202254634,-1,-0.0605332271262074,-1,-0.0951174094340317,1,0,0,0,0,0,0,0,0
273d4e72b01d53cf,0,1,14,1,8,0.1059558045640616,-1.5629368781690487,-1,-0.0715200279278797,8,0.0484957237368019,-1,-0.0137424469943081,1,0,1,1,0,0,1,0,0
275e9cfb52fd59de,0,1,12,1,8,0.9052465347908496,0.1272746219409324,8,0.3763962308562724,8,0.3429943520581031,8,0.2060598589850172,1,1,0,1,1,0,0,0,0
4082f94c512b5d1f,0,1,14,1,23,0.0538410789147204,-0.0001477490439216,-1,-0.1007247116026073,-1,-0.0094783329360081,-1,-0.0570120249081216,1,0,0,0,0,0,0,0,0
421dd5398e885a27,0,1,18,1,22,0.1664662853767564,-0.0001146473528817,-1,-0.0376104288822831,22,0.0065892556913786,-1,-0.0450198025607439,1,0,0,1,0,0,0,0,0
53620555ea3a5d3c,0,1,9,1,21,0.1628050291701029,0.0,-1,-0.0396621681562632,21,0.0367038801926516,-1,-0.022543419744252,1,0,0,1,0,0,0,0,0
60bd62401d0857f9,0,1,15,1,22,0.2339518121083311,-5.674398746347009e-05,22,0.0002079312119319,22,0.0412792888251448,-1,-0.0191285129450173,1,0,0,1,0,0,0,0,0
6db53a1807af5a90,0,1,13,0,-1,,,-1,,-1,,-1,,0,0,0,0,0,0,0,0,0
8e6c888a92425ff1,0,1,6,1,1,0.1510891908982271,0.0003081311788877,-1,-0.0462276320717146,1,0.0805582614125274,1,0.0101877823478287,1,1,0,1,1,0,0,0,0
9a82cf7a1636581e,0,1,5,0,2,0.0756104859967904,-0.0042642683826388,-1,-0.0885253065458474,2,0.0698748459828704,2,0.0022140971712317,1,0,0,1,1,0,0,0,0
c70bcca6e16953d7,0,1,14,1,10,0.0393977324969763,0.0003409750871363,-1,-0.1088186496993544,10,0.0851660641975028,10,0.0136268668807814,1,1,0,1,1,0,0,0,0
d04f957744a353ba,0,1,10,1,21,0.1639535399829263,0.0001638741232454,-1,-0.0390185517010754,21,0.0720623228969148,21,0.0038467447415251,1,1,0,1,1,0,0,0,0
d0c144dfeca55025,0,1,25,1,22,0.0984392131428491,-0.0001029941059838,-1,-0.0757322668302917,22,0.0224397609052132,-1,-0.0331896028182272,1,0,0,1,0,0,0,0,0
f6cbfc9328fd5914,0,1,5,1,15,0.5971377137121933,0.0028377727983173,15,0.2037344630952603,15,0.203105095678648,15,0.101651966462031,1,1,0,1,1,0,0,0,0
d0ce91bcf7ba557a,0,1,2,1,-1,,,-1,,-1,,-1,,0,0,0,0,0,0,0,0,0
00bf712a8e9e59bf,0,1,1,0,-1,,,-1,,-1,,-1,,0,0,0,0,0,0,0,0,0
07db46e8eac253cf,0,1,12,1,16,0.2530217512025169,0.7593208522055517,16,0.0108945755720958,16,0.0266450634312064,-1,-0.0300509288019071,1,1,0,1,0,0,0,1,0
13adf1483845581c,0,1,18,1,21,0.1275596190793776,0.0006412762776015,-1,-0.0594134196472839,21,0.0885853517785381,21,0.0161788899560741,1,1,0,1,1,0,0,0,0
2ffe7083e279569c,0,1,15,1,3,0.0759099948208489,0.000160507233395,-1,-0.0883574641489926,3,0.0895149668506138,3,0.0168727184390117,1,1,0,1,1,0,0,0,0
36857cb219845df9,0,1,14,1,7,0.0111505997441622,0.0001324263616466,-1,-0.1246481214366657,7,0.0797355341918155,7,0.0095737307940566,1,1,0,1,1,0,0,0,0
6f8bc109eabc5ad5,0,1,4,1,19,0.0332843123644923,-4.585174424573402e-06,-1,-0.1122445624124181,19,0.0056654425628182,-1,-0.0457093006990171,1,0,0,1,0,0,0,0,0
8fbfbaa44855539e,0,1,16,0,-1,,,-1,,-1,,-1,,0,0,0,0,0,0,0,0,0
b66888a9942d59ff,0,1,5,1,22,0.0891914892984824,0.0031217700053006,-1,-0.0809146187705706,22,0.0240766757272372,-1,-0.0319678733500001,1,1,0,1,0,0,0,1,0
e4f303186cdb50b1,0,1,4,1,19,0.0360059972796644,-4.364564421121576e-06,-1,-0.1107193515239505,19,0.0075252289386416,-1,-0.0443212285834861,1,0,0,1,0,0,0,0,0
ee17abab9d83514f,0,1,4,0,17,0.2661902593227762,-5.260109603405505e-05,17,0.0182741042816577,17,0.0636671408818455,-1,-0.0024190921370602,1,0,0,1,0,0,0,0,0
5b4aedf8449c54ca,0,1,4,1,1,0.3036981106646081,0.0013290141742676,1,0.0392932101122715,-1,-0.0399651973206306,-1,-0.0797662330754617,1,1,0,0,0,1,0,1,0
73458ba61f445d19,0,1,16,1,9,0.0692067774063314,-2.754281880346099e-06,-1,-0.0921138946349004,9,0.1112766647659109,9,0.0331148021834195,1,0,0,1,1,0,0,0,0
7647b4788f795d71,0,1,1,1,1,0.2369589393802825,0.0035336643615271,1,0.0018931017592722,-1,-0.0383726569275902,-1,-0.0785776229527225,1,1,0,0,0,1,0,1,0
8f2f7b6da7495074,0,1,22,1,6,0.2750697190322527,-0.0030044126219674,6,0.0232500838879329,6,0.0316000421529127,-1,-0.026352725671666,1,0,0,1,0,0,0,0,0
c23e9cc0ed7e5b21,0,1,17,1,3,0.0494992337730325,0.0016556329336947,-1,-0.1031578475799671,3,0.1496204256020849,3,0.0617330918500039,1,1,0,1,1,0,0,0,0
cdfa6ac2b00156d1,0,1,10,0,-1,,,-1,,-1,,-1,,0,0,0,0,0,0,0,0,0
16599b5179df53bb,0,1,7,0,-1,,,-1,,-1,,-1,,0,0,0,0,0,0,0,0,0
181f26554b4b5e75,0,1,15,0,9,0.2131053279119143,-0.0001236836064255,-1,-0.0114742750954182,-1,-0.0486384365392545,-1,-0.0862396010209448,1,0,0,0,0,0,0,0,0
21411e892e975adf,0,1,3,0,-1,,,-1,,-1,,-1,,0,0,0,0,0,0,0,0,0
24f940b7a94f5ed7,0,1,17,0,3,0.0788292181613854,-0.0003130765174522,-1,-0.0867215542756509,3,0.096045237661038,3,0.0217466582294365,1,0,0,1,1,0,0,0,0
257140a662885e1d,0,1,7,1,3,0.0516886667898204,0.000522074045008,-1,-0.1019309064825021,3,0.1224867541545161,3,0.041481576289958,1,1,0,1,1,0,0,0,0
3e1e8ae126d0578f,0,1,15,1,-1,,,-1,,-1,,-1,,0,0,0,0,0,0,0,0,0
40d5b1af93cf50e4,0,1,12,1,4,0.1144445606696137,8.93150708446977e-05,-1,-0.0667629955581296,4,0.0339819708396181,-1,-0.0245749468718105,1,1,0,1,0,0,0,1,0
4b30de14589f513c,0,1,14,1,23,0.1239261711985639,0.0002240603599697,-1,-0.0614495753534804,23,0.0903740138213555,23,0.0175138776396161,1,1,0,1,1,0,0,0,0
648d283b25fa50d1,0,1,4,0,23,0.2530075331405964,-0.0001290052613243,23,0.010886607881665,-1,-0.0010503038589138,-1,-0.0507216722617757,1,0,0,0,0,0,0,0,0
651762602ed854bf,0,1,1,1,-1,,,-1,,-1,,-1,,0,0,0,0,0,0,0,0,0
864541f05d165c97,0,1,2,1,21,0.1935085229851983,7.027299320325284e-05,-1,-0.0224561709375068,21,0.2494304739001024,21,0.1362274244751358,1,1,0,1,1,0,0,0,0
a054dd394e1b559c,0,1,17,1,21,0.4527756639738644,0.0004801966886094,21,0.1228351022195787,21,0.1123249080932364,21,0.0338971701757152,1,1,0,1,1,0,0,0,0
b7c6fe6429785952,0,1,15,1,22,0.1393431402315217,6.060907109617375e-05,-1,-0.0528100267763635,22,0.047375007876414,-1,-0.0145789056626049,1,1,0,1,0,0,0,1,0
c031140da54d502a,0,1,17,1,3,0.1299209399720031,0.9911725879896434,-1,-0.0580901539317994,3,0.1449363972397084,3,0.0582371155149303,1,1,0,1,1,0,0,0,0
cdabe76a1ba75152,0,1,16,1,3,0.5871673676194018,0.990668047375232,3,0.1981471593123186,3,0.2975005558059906,3,0.1721050613651852,1,1,0,1,1,0,0,0,0
cdccf3dfd4e153cc,0,1,24,1,21,0.4473879834141613,0.0025033863656862,21,0.1198158882733071,21,0.1633665720772282,21,0.0719926801910051,1,1,0,1,1,0,0,0,0
d3e0b427c9095c6f,0,1,17,1,9,0.2384780682024984,0.0002687987604178,9,0.0027444096412803,-1,-0.0342775652307421,-1,-0.0755212060067597,1,1,0,0,0,1,0,1,0
d86f407ee78151b0,0,1,5,1,-1,,,-1,,-1,,-1,,0,0,0,0,0,0,0,0,0
de2c82b474d85dd5,0,1,17,1,9,0.2025328713640982,0.0006124333238229,-1,-0.017398996856813,-1,-0.0611114252943503,-1,-0.0955489540269396,1,1,0,0,0,1,0,1,0
046577552dd15fc3,0,1,15,1,-1,,,-1,,-1,,-1,,0,0,0,0,0,0,0,0,0
1f8c9456286d59fb,0,1,17,0,9,0.1605581158987417,-0.0006121215932071,-1,-0.0409213207377463,-1,-0.0774265226723086,-1,-0.1077259072657166,1,0,0,0,0,0,0,0,0
369040b3134c5769,0,1,17,1,-1,,,-1,,-1,,-1,,0,0,0,0,0,0,0,0,0
39dca464ed145043,0,1,17,1,3,0.0557550442093209,1.3998703285889036e-05,-1,-0.0996521404569906,3,0.2041135576548878,3,0.1024046432032895,1,1,0,1,1,0,0,0,0
3e940b9ccdf456b7,0,1,17,1,3,0.0558152016575229,-0.0098371612697842,-1,-0.0996184286946523,3,0.2065860942685823,3,0.1042500482308315,1,0,0,1,1,0,0,0,0
4f74e2eb505a5fd0,0,1,9,0,7,0.0179788836892131,-0.2430389412705786,-1,-0.1208216046475678,7,0.0313370290905094,-1,-0.0265490283775511,1,0,0,1,0,0,0,0,0
524cadd627f25d7f,0,1,8,0,7,0.0439366670846383,-0.2439054437735635,-1,-0.1062750663416509,7,0.0368544229528659,-1,-0.0224310604914018,1,0,0,1,0,0,0,0,0
70c45003ec3e527b,0,1,1,0,9,0.0495696802295063,-0.0006647571086881,-1,-0.103118369938059,-1,-0.1138098134064083,-1,-0.1348809784049492,1,0,0,0,0,0,0,0,0
b1bfa52c4bc452b7,0,1,17,1,-1,,,-1,,-1,,-1,,0,0,0,0,0,0,0,0,0
bed9898a4bf45a6b,0,1,17,1,-1,,,-1,,-1,,-1,,0,0,0,0,0,0,0,0,0
db219c4afef9558d,0,1,18,1,3,0.109005171517493,0.0001490208003551,-1,-0.0698111865941969,3,0.155470900871786,3,0.0660996587256647,1,1,0,1,1,0,0,0,0
fa1f7200f4ff5651,0,1,16,0,-1,,,-1,,-1,,-1,,0,0,0,0,0,0,0,0,0
04e294754b4d56a6,0,1,7,1,22,0.3005936605354631,4.5298025821094434e-05,22,0.0375535005987706,22,0.0401800416786797,-1,-0.0199489482014105,1,1,0,1,0,0,0,1,0
3a223e65af13545c,0,1,7,1,1,0.7360791112853133,1.6616739350611345,1,0.281596132995442,1,0.1783972473066191,1,0.0832109907640581,1,1,0,1,1,0,0,0,0
3e1f06aa9ff354c9,0,1,17,1,3,0.0872942507860932,0.000358076515142,-1,-0.0819778163585739,3,0.1437458288376343,3,0.0573485216301516,1,1,0,1,1,0,0,0,0
3e3a2d672dfb5b51,0,1,6,1,6,0.1667612122709031,-1.987346634269027e-05,-1,-0.0374451541630285,6,0.0719728067266452,6,0.003779933358532,1,0,0,1,1,0,0,0,0
6110193eb32f5ad4,0,1,17,1,-1,,,-1,,-1,,-1,,0,0,0,0,0,0,0,0,0
6e075e93bd485b81,0,1,10,1,-1,,,-1,,-1,,-1,,0,0,0,0,0,0,0,0,0
6fc9e653b0ee5565,0,1,12,1,10,0.3179424258286458,-0.0001716095520647,10,0.0472756126548455,10,0.0144237258251828,-1,-0.0391724591916007,1,0,0,1,0,0,0,0,0
99426aa893625f69,0,1,7,0,2,0.0617471534812086,-0.990559431026876,-1,-0.0962942093991286,2,0.0888620312714038,2,0.0163853927533731,1,0,1,1,1,0,1,0,1
9fb5b34a36925a6c,0,1,7,0,4,0.1135710824679139,-0.0037563836089917,-1,-0.0672524858942979,4,0.1019921908774264,4,0.0261852324868596,1,0,0,1,1,0,0,0,0
a1c1a996e52f5c4e,0,1,5,0,9,0.129147507251073,-0.0004672088905239,-1,-0.0585235795649003,-1,-0.09840914616565,-1,-0.1233865202051448,1,0,0,0,0,0,0,0,0
a657d16d34c3519a,0,1,3,1,20,0.1935592380844824,1.784201655457297,-1,-0.0224277505934741,20,0.1443779706712271,20,0.057820327673941,1,1,0,1,1,0,0,0,0
a68adc1c27615ce9,0,1,13,0,-1,,,-1,,-1,,-1,,0,0,0,0,0,0,0,0,0
a75ce500226f5481,0,1,17,1,4,0.2603494602161748,-0.0008296889021993,4,0.0150009662541512,4,0.0534556703399813,-1,-0.0100405360308256,1,0,0,1,0,0,0,0,0
b95dc2615771588d,0,1,14,1,23,0.232985093688386,1.9696841584348583,-1,-0.0003338102115381,23,0.0345435830906141,-1,-0.024155781361469,1,1,0,1,0,0,0,1,0
c3fd16e5694a5353,0,1,10,1,9,0.02646719507444,0.0044793055554852,-1,-0.1160648214956013,9,0.02558675452705,-1,-0.030840809348713,1,1,0,1,0,0,0,1,0
c8c5d04b848e504c,0,1,16,1,3,0.1659734801915494,0.000295684360573,-1,-0.0378865930444832,3,0.1443866742738182,3,0.0578268237039252,1,1,0,1,1,0,0,0,0
c944de45a71e5a38,0,1,14,0,-1,,,-1,,-1,,-1,,0,0,0,0,0,0,0,0,0
f7cbec94d1ff5621,0,1,3,0,-1,,,-1,,-1,,-1,,0,0,0,0,0,0,0,0,0
03dac455f9ec5792,0,1,18,1,23,0.2460258016774534,-0.0001943112442734,23,0.0069741003064561,23,0.0090548839941286,-1,-0.0431795536274243,1,0,0,1,0,0,0,0,0
0966d80519ed5508,0,1,11,1,-1,,,-1,,-1,,-1,,0,0,0,0,0,0,0,0,0
222f2b699516591c,0,1,14,1,-1,,,-1,,-1,,-1,,0,0,0,0,0,0,0,0,0
343925e5442554f5,0,1,4,1,9,0.5838481226295662,-0.0001190353877842,9,0.1962870804428772,9,0.1926075187282643,9,0.0938169838882842,1,0,0,1,1,0,0,0,0
650894e30d725ba8,0,1,14,0,-1,,,-1,,-1,,-1,,0,0,0,0,0,0,0,0,0
70a67a5dedae584b,0,1,23,1,22,0.1821758017089497,0.0002050307922065,-1,-0.0288069390922438,22,0.0483894894805593,-1,-0.0138217361055315,1,1,0,1,0,0,0,1,0
80c337fb67145ff6,0,1,29,1,20,0.1677480115548473,0.0002089060913768,-1,-0.0368921595808072,20,0.1923102162231171,20,0.093595088877848,1,1,0,1,1,0,0,0,0
84ed4f2cc4f057ce,0,1,14,1,25,0.172805776623204,1.8950668792427905e-05,-1,-0.0340578276893505,25,0.0446451628260534,-1,-0.0166163556855668,1,1,0,1,0,0,0,1,0
8bdafd4a1d7c50eb,0,1,21,1,3,0.075166753519983,0.0008188129012006,-1,-0.0887739707469901,3,0.0771272260532344,3,0.0076269911883995,1,1,0,1,1,0,0,0,0
9cb860301c105ca7,0,1,9,1,20,0.5255746113163778,-3.7070147320572566e-05,20,0.1636310615669755,20,0.154224216009822,20,0.0651691817008608,1,0,0,1,1,0,0,0,0
a1ceb182eb7250a1,0,1,16,1,9,0.2760796406411903,0.0007709787252359,9,0.0238160360398016,-1,-0.0337293133597513,-1,-0.075112012163691,1,1,0,0,0,1,0,1,0
b704090abc8d5afe,0,1,30,1,18,0.1553406690888887,0.0007353571400976,-1,-0.0438451370252335,18,0.2428806035466392,18,0.1313388563491541,1,1,0,1,1,0,0,0,0
fd35b4e54a465e54,0,1,1,0,7,0.1122411017486341,-2.0207331793509424,-1,-0.0679977966623407,7,0.0480940415390945,-1,-0.0140422469418671,1,0,1,1,0,0,1,0,0
fe98c3c19baf5ea3,0,1,2,1,4,0.6410420944109576,2.128624531634088,4,0.228338133828744,-1,-0.3125983503322216,-1,-0.283248999905135,1,1,0,0,0,1,0,1,0
05ba4ac2db9c50d2,0,1,11,1,25,0.1727854607064307,-0.98944860655242,-1,-0.0340692125698335,25,0.0331336626397285,-1,-0.025208091072107,1,0,1,1,0,0,1,0,0
0d399eab6caf5d71,0,1,1,0,-1,,,-1,,-1,,-1,,0,0,0,0,0,0,0,0,0
154c14f381535c43,0,1,1,1,24,0.2305967211942673,7.987478524418279e-05,-1,-0.001672235432415,24,0.040217333795695,-1,-0.0199211148177321,1,1,0,1,0,0,0,1,0
20cd0f5250875606,0,1,5,0,9,0.1943934711475888,-0.0003515167922247,-1,-0.0219602529252919,-1,-0.0398395694111732,-1,-0.0796724692968271,1,0,0,0,0,0,0,0,0
30a3163cf0805a69,0,1,4,0,1,0.2587818534600188,-1.2324926170708386,1,0.0141224917180297,1,0.0194241889830392,-1,-0.0354403082497554,1,0,1,1,0,0,1,0,0
3da38924ebd45f50,0,1,10,1,1,0.2897989109508466,1.728687759304978,1,0.0315042075623291,-1,-0.0079665861157832,-1,-0.0558837159613654,1,1,0,0,0,1,0,1,0
48fd1a7abb7c59a6,0,1,19,1,23,0.2661473623851567,-0.0003539639446881,23,0.0182500651741275,-1,-0.0033295249734401,-1,-0.0524227941300347,1,0,0,0,0,0,0,0,0
501128405d13533f,0,1,10,1,-1,,,-1,,-1,,-1,,0,0,0,0,0,0,0,0,0
594c56337e94571b,0,1,14,0,-1,,,-1,,-1,,-1,,0,0,0,0,0,0,0,0,0
5c92fa52c5165a1e,0,1,19,1,10,0.1913259511332679,-7.041046395883654e-05,-1,-0.0236792670919772,10,0.0030554515099414,-1,-0.047657296366358,1,0,0,1,0,0,0,0,0
83d128720881565a,0,1,17,0,3,0.0524354888181263,-0.0005778864786027,-1,-0.10151239327292,-1,-0.1249182448656026,-1,-0.1431718789923717,1,0,0,0,0,0,0,0,0
95a810911ba359ec,0,1,11,0,18,0.3655633981867628,-1.2317849212438547,18,0.0739620322161723,18,0.1207343544690172,18,0.0401736534175639,1,0,1,1,1,0,1,0,1
9d1adc78bda259ce,0,1,10,1,-1,,,-1,,-1,,-1,,0,0,0,0,0,0,0,0,0
a3b5d1855e7e5d96,0,1,12,1,5,0.8865874639511729,0.1193620606041702,5,0.3659398338447306,5,0.3190493646369497,5,0.1881882529886956,1,1,0,1,1,0,0,0,0
bbc08519add25675,0,1,3,1,9,0.34343464965122,2.284032596921548,9,0.0615612550261212,9,0.0023107613452506,-1,-0.0482131041009209,1,1,0,1,0,0,0,1,0
bf75c93832c7569d,0,1,9,1,-1,,,-1,,-1,,-1,,0,0,0,0,0,0,0,0,0
d5b4a2295da55f8c,0,1,5,0,7,2.0232822920408102,-1.2230283835736102,7,1.0029347038249474,7,0.9813746018924504,7,0.6825220136819131,1,0,1,1,1,0,1,0,1
dec7d1a6632a516c,0,1,9,1,1,0.2095299925044658,0.0097562610348436,-1,-0.0134778650271424,1,0.023127761480382,-1,-0.0326761059853244,1,1,0,1,0,0,0,1,0
e14c53a47ffc5fe0,0,1,21,1,24,0.2705662984108091,-0.0002950868985615,24,0.0207264022784689,24,0.0058990155140638,-1,-0.0455349709454599,1,0,0,1,0,0,0,0,0
0624fd97bb1d5859,0,1,23,1,22,0.307087604126155,0.0001875565206632,22,0.0411926556745122,22,0.1419688518989592,22,0.0560222552532273,1,1,0,1,1,0,0,0,0
1289017760ab5cda,0,1,22,1,23,0.1695696067585175,-0.0001021183120086,-1,-0.0358713519099668,-1,-0.018039207450306,-1,-0.0634015282147019,1,0,0,0,0,0,0,0,0
15210c5280b851a8,0,1,18,1,24,0.0783254314371099,1.220051444119215,-1,-0.0870038724062497,24,0.0315768028261241,-1,-0.0263700706000504,1,1,0,1,0,0,0,1,0
327472f9f4b755a7,0,1,12,1,-1,,,-1,,-1,,-1,,0,0,0,0,0,0,0,0,0
35c70713d92251fc,0,1,12,1,17,0.1413127678783992,0.0,-1,-0.0517062628849233,17,0.0449619893080849,-1,-0.0163798887392086,1,0,0,1,0,0,0,0,0
3a4fd1d48a995545,0,1,12,1,19,0.3629425684112401,0.0142617651462133,19,0.0724933397572604,19,0.0591832817396835,-1,-0.0057656699624021,1,1,0,1,0,0,0,1,0
3c9d60b02bfb51c0,0,1,17,0,9,0.2019859033669045,-0.0004975407660006,-1,-0.0177055134342143,-1,-0.06521624842846,-1,-0.0986126341386521,1,0,0,0,0,0,0,0,0
4750b9c4cfbd5d3f,0,1,2,0,-1,,,-1,,-1,,-1,,0,0,0,0,0,0,0,0,0
506ddb4d458f5a70,0,1,1,0,9,0.2129942629495222,-0.9297249210089444,-1,-0.0115365150295941,-1,-0.0528829134088118,-1,-0.0894075132415299,1,0,1,0,0,0,0,0,0
54dbabed00525444,0,1,17,0,6,0.1129828642843183,-0.0001196603953605,-1,-0.0675821187527575,-1,-0.0071237407722798,-1,-0.0552546490243071,1,0,0,0,0,0,0,0,0
77f9220d917b52d0,0,1,12,1,1,0.1751107123164369,0.9964797705322505,-1,-0.0327661597975459,1,0.0912410640457193,1,0.0181610101570115,1,1,0,1,1,0,0,0,0
7ca96f8e844f56ca,0,1,15,1,20,0.3163398267823767,3.252210966228601,20,0.0463775287136841,20,0.0539080959917234,-1,-0.0097028631455428,1,1,0,1,0,0,0,1,0
7d363b1db0fc5975,0,1,11,1,5,0.0515535415839632,-0.9769596037015144,-1,-0.1020066295884835,5,0.0023679799345624,-1,-0.0481703983744212,1,0,1,1,0,0,1,0,0
8813e8c6790a59d3,0,1,13,1,22,0.2954325623573707,0.0001085729885146,22,0.0346612616427491,22,0.0811287626644632,22,0.0106135822622608,1,1,0,1,1,0,0,0,0
9626975e16725ec8,0,1,20,1,22,0.0387127754169094,0.0008604435924439,-1,-0.1092024942769642,22,0.0489570869994059,-1,-0.0133981034243819,1,1,0,1,0,0,0,1,0
9907ad0101c45e09,0,1,1,0,-1,,,-1,,-1,,-1,,0,0,0,0,0,0,0,0,0
9e720f0176b35d63,0,1,24,1,19,0.2363259581218463,-9.262234168127192e-05,19,0.0015383840246141,19,0.0233437677746473,-1,-0.0325148873003472,1,0,0,1,0,0,0,0,0
a67f3948c2445760,0,1,3,1,3,0.030472551691319,0.0006509598884731,-1,-0.1138202510494763,3,0.108885410976374,3,0.0313300634900067,1,1,0,1,1,0,0,0,0
a8e99095a8235549,0,1,4,0,16,0.5009691622233208,-1.2318749638779087,16,0.1498423608018122,16,0.4386884357042828,16,0.2774821959035466,1,0,1,1,1,0,1,0,1
aed1237adf57578c,0,1,1,1,0,0.3113336971456892,1.0332035451421078,0,0.0435721329133132,0,0.1439955376041523,0,0.0575348945277667,1,1,0,1,1,0,0,0,0
ba5ddc3d1d5d56ad,0,1,1,0,25,0.2006617011717707,-3.65264862778325e-05,-1,-0.0184475859626293,25,0.0515940402595782,-1,-0.0114299842156459,1,0,0,1,0,0,0,0,0
c81dc86e054f566d,0,1,15,1,3,0.0446817022815315,0.0005305072082206,-1,-0.1058575544583838,3,0.0931528744394683,3,0.0195879109732788,1,1,0,1,1,0,0,0,0
cffbf96734fa5f35,0,1,2,0,1,0.0905889789082065,-0.0001211573171431,-1,-0.080131476549592,1,0.1044881091706108,1,0.0280480886892979,1,0,0,1,1,0,0,0,0
f4ba7c7ca86f5233,0,1,13,1,22,0.3020711472082559,6.64908149863308e-05,22,0.0383814725467163,22,0.0814907908108935,22,0.0108837859704016,1,1,0,1,1,0,0,0,0
045cd7a008c65925,0,1,17,1,9,0.2187556230918365,0.0004271200689487,-1,-0.008307893974873,9,0.008633577527114,-1,-0.0434940003652637,1,1,0,1,0,0,0,1,0
0c77a4182a655cf9,0,1,3,1,-1,,,-1,,-1,,-1,,0,0,0,0,0,0,0,0,0
1470dbcb0c415442,0,1,9,1,9,0.0258193396029285,0.0005928187692534,-1,-0.116427874622653,-1,-0.1822604567365227,-1,-0.1859698725552898,1,1,0,0,0,1,0,1,0
208da297c61b5a6b,0,1,14,0,9,0.2282433716521233,-0.0002173149178734,-1,-0.0029910340655849,-1,-0.0410541832514961,-1,-0.0805790097601875,1,0,0,0,0,0,0,0,0
249837af09305794,0,1,2,0,-1,,,-1,,-1,,-1,,0,0,0,0,0,0,0,0,0
2648d4ed541751cc,0,1,13,1,-1,,,-1,,-1,,-1,,0,0,0,0,0,0,0,0,0
2e3481cf5ec35baa,0,1,14,0,-1,,,-1,,-1,,-1,,0,0,0,0,0,0,0,0,0
31d6d7b013a75d29,0,1,17,1,9,0.1573999275685835,0.00015953127658,-1,-0.0426911447177877,-1,-0.0769790061288819,-1,-0.1073918983476793,1,1,0,0,0,1,0,1,0
45389fbdea6657a0,0,1,10,0,6,0.051154231763046,-0.0003288350688643,-1,-0.1022303996815387,6,0.0727258799555681,6,0.0043419978857323,1,0,0,1,1,0,0,0,0
46bf28b955d051b1,0,1,29,1,5,0.0061431271667552,-0.0003345792815641,-1,-0.127454269810487,-1,-0.0454923238331647,-1,-0.0838914650326341,1,0,0,0,0,0,0,0,0
4efebde6623256df,0,1,6,1,-1,,,-1,,-1,,-1,,0,0,0,0,0,0,0,0,0
5991dfcee3185e01,0,1,15,0,2,0.2289757826230753,-3.552210174457291e-05,-1,-0.0025805966995615,2,0.0183341794977344,-1,-0.036253848875649,1,0,0,1,0,0,0,0,0
6c82dcb2637f5ad4,0,1,3,0,9,0.254706379729819,-0.0003719746213523,9,0.0118386281913174,-1,-0.0530406764054008,-1,-0.0895252613975947,1,0,0,0,0,0,0,0,0
1a9e0797610e5da4,1,2,17,1,9,0.067860900177485,-0.0003152008085511,9,0.1044876722654734,-1,-0.1244812430618131,9,0.1853960287756045,1,0,0,0,1,0,0,0,0
31e5a1e6febd5acb,1,2,12,1,4,0.1001262372180711,0.0022942917462438,4,0.1008758627061043,4,0.0120371316504304,4,0.0985337728309134,1,1,0,1,1,0,0,0,0
3f0c33142293536e,1,2,11,1,19,0.1759833801899673,0.0,19,0.0923843489249934,19,0.0242708112672289,19,0.0907498755184851,1,0,0,1,1,0,0,0,0
48fc14e048fb5fe2,1,2,18,1,23,0.1377213293175721,0.0001272183358669,23,0.0966674357846828,23,0.022666458916853,23,0.0917706733764845,1,1,0,1,1,0,0,0,0
65f00228b6bc54b5,1,2,17,1,-1,,,-1,,-1,,-1,,0,0,0,0,0,0,0,0,0
d22547ad7061548d,1,2,11,1,26,0.5517393249386024,0.0043491496021159,26,0.050321905519374,26,0.070504531805614,26,0.0613328444767263,1,1,0,1,1,0,0,0,0
ebc361211e395b18,1,2,19,0,-1,,,-1,,-1,,-1,,0,0,0,0,0,0,0,0,0
f757646a2d865977,1,2,1,0,5,0.0157890678845987,-0.0002396740362047,5,0.1103166379264469,-1,-0.0580109484299778,5,0.1431031157725047,1,0,0,0,1,0,0,0,0
9ca3798eb199579e,1,2,10,0,23,0.1914482223399789,-7.272584703751916e-05,23,0.090653201203174,-1,-0.0883500384164225,23,0.1624069040360726,1,0,0,0,1,0,0,0,0
f7050dbcd3c954f3,1,2,6,1,2,0.0975107973028239,1.2324836412908278,2,0.1011686372981057,2,0.0243881937161655,2,0.0906751888373374,1,1,0,1,1,0,0,0,0
180f81d1ca5c5ee3,1,2,17,1,23,0.1443417416229646,7.068096973794624e-05,23,0.0959263411411803,23,0.0145036919045063,23,0.0969643797836833,1,1,0,1,1,0,0,0,0
1bd8ca835d485cd8,1,2,14,1,23,0.0869700583000563,0.0001267136363314,23,0.1023485766815103,23,0.0156940412197596,23,0.0962069987563816,1,1,0,1,1,0,0,0,0
291db523bb115ccf,1,2,16,1,24,0.1697532472292033,-8.852075822662897e-05,24,0.0930817553632254,-1,-0.0134703655546953,24,0.1147633738308542,1,0,0,0,1,0,0,0,0
2d4f708394ef542e,1,2,2,0,-1,,,-1,,-1,,-1,,0,0,0,0,0,0,0,0,0
39346eef49ad52a6,1,2,16,0,2,0.0003899191943174,-1.8276321345854372,2,0.1120404318659226,2,0.0486786501004271,2,0.0752199518122085,1,0,1,1,1,0,1,0,1
621fb14952d45fbc,1,2,2,0,2,0.076859351701205,-1.793281329542026,2,0.1034803778680211,2,0.0455076289281184,2,0.0772375707097063,1,0,1,1,1,0,1,0,1
79a3cfc7d4535d5f,1,2,14,1,25,0.4144419323145974,0.0030683114655256,25,0.0656910936525107,25,0.0990190765329672,25,0.0431899557449023,1,1,0,1,1,0,0,0,0
7a90e31caaa35114,1,2,11,1,23,0.000844679722542,-0.0002471273148438,23,0.1119895255815407,-1,-0.0698715424331046,23,0.1506496306949627,1,0,0,0,1,0,0,0,0
9e4525cb8f5e5fcd,1,2,15,0,-1,,,-1,,-1,,-1,,0,0,0,0,0,0,0,0,0
c5e0107671965987,1,2,13,0,-1,,,-1,,-1,,-1,,0,0,0,0,0,0,0,0,0
ca00c31168b252d5,1,2,16,1,-1,,,-1,,-1,,-1,,0,0,0,0,0,0,0,0,0
e2c31e25cb35514d,1,2,14,1,9,0.1786756793643761,-0.0005410650956444,9,0.0920829706414634,-1,-0.0877415899111412,9,0.162019767799604,1,0,0,0,1,0,0,0,0
114a8e53ec3c5e0d,1,2,3,1,-1,,,-1,,-1,,-1,,0,0,0,0,0,0,0,0,0
1907423ff64a51eb,1,2,9,1,22,0.1844532815796694,4.7492956556399735e-05,22,0.0914362208838154,-1,-0.010165917117545,22,0.1126608594513152,1,1,0,0,1,1,0,0,0
b8091003cbb95da3,1,2,2,1,21,0.0097189837439082,0.0057995361132896,21,0.1109961283622028,-1,-0.0178310265794374,21,0.1175379223472542,1,1,0,0,1,1,0,0,0
c9281513f02f50f2,1,2,12,1,23,0.0998620397945753,0.0,23,0.1009054371927598,-1,-0.0145922052571018,23,0.1154771643924892,1,0,0,0,1,0,0,0,0
eeb054ac63575b33,1,2,2,1,-1,,,-1,,-1,,-1,,0,0,0,0,0,0,0,0,0
6988613e2a3557be,1,2,17,1,-1,,,-1,,-1,,-1,,0,0,0,0,0,0,0,0,0
b66ea7e3342b533b,1,2,2,0,2,0.1498102374783007,-5.520669647962606e-05,2,0.0953141930151332,-1,-0.0707045752956067,2,0.1511796627427769,1,0,0,0,1,0,0,0,0
ebdc46dacb5f53f2,1,2,20,1,21,0.059523338066818,7.133007049464624e-07,21,0.1054209861340148,-1,-0.0305939697702962,21,0.1256585730683656,1,1,0,0,1,1,0,0,0
06a937676ff65c69,1,2,17,1,9,0.1457244736804245,-0.0008672325992258,9,0.0957715569262534,-1,-0.0992704325664083,9,0.1693551999974945,1,0,0,0,1,0,0,0,0
26f611f146275818,1,2,17,1,-1,,,-1,,-1,,-1,,0,0,0,0,0,0,0,0,0
441987f47a6f5784,1,2,9,0,-1,,,-1,,-1,,-1,,0,0,0,0,0,0,0,0,0
5f4392860e5752ce,1,2,6,1,24,0.222149187005187,-0.000464562402782,24,0.0872165088320337,-1,-0.0719521295132214,24,0.1519734414116465,1,0,0,0,1,0,0,0,0
5fde760ec9f05c3d,1,2,16,1,22,0.509443486967129,-0.0001297025804172,22,0.0550565379738478,22,0.14530882121845,22,0.0137372783382161,1,0,0,1,1,0,0,0,0
606e5b5125985e1f,1,2,12,1,-1,,,-1,,-1,,-1,,0,0,0,0,0,0,0,0,0
73cd1e45d87156ee,1,2,18,1,23,0.383533882953274,0.0003884504090763,23,0.069150967262517,23,0.1634387964003869,23,0.0022017575862022,1,1,0,1,1,0,0,0,0
7a9a7b86210b5dc4,1,2,17,0,3,0.1223014329312727,-0.0001631911307573,3,0.0983935522390828,3,0.1031340994768226,3,0.0405716988478299,1,0,0,1,1,0,0,0,0
81195788481d5844,1,2,17,1,-1,,,-1,,-1,,-1,,0,0,0,0,0,0,0,0,0
948d834b78515695,1,2,10,1,22,0.0786345226336342,2.8722488693892767e-05,22,0.1032816637081412,-1,-0.0075834349203666,22,0.1110177089958784,1,1,0,0,1,1,0,0,0
a08635adfbc45990,1,2,16,1,-1,,,-1,,-1,,-1,,0,0,0,0,0,0,0,0,0
a5836bf6d71f58f2,1,2,17,1,9,0.0483777762411058,0.000861446211487,9,0.1066686299040461,-1,-0.1289915271488692,9,0.1882657776396598,1,1,0,0,1,1,0,0,0
a6e92119ed185a7d,1,2,19,0,-1,,,-1,,-1,,-1,,0,0,0,0,0,0,0,0,0
aeb0da156a7b5426,1,2,3,1,21,0.4016152735521289,8.050889065489182e-05,21,0.0671269208584927,21,0.2016334156799374,-1,-0.0221002515943452,1,1,0,1,0,0,0,1,0
b024a29a38815f5d,1,2,10,1,-1,,,-1,,-1,,-1,,0,0,0,0,0,0,0,0,0
c0eff628bb5d57f2,1,2,5,0,9,0.1919309276150189,-0.0002712661859579,9,0.090599166759816,-1,-0.0599521339795755,9,0.1443382297738301,1,0,0,0,1,0,0,0,0
c2ef8af22b6b57fa,1,2,16,1,8,0.0314021350363716,0.0006266896873712,8,0.1085688977705355,-1,-0.1457107838585638,8,0.1989037035495135,1,1,0,0,1,1,0,0,0
e2becee9277c5811,1,2,18,1,22,0.4637404023987865,0.0001367530750111,22,0.0601725805407967,22,0.148956777937692,22,0.0114162006745693,1,1,0,1,1,0,0,0,0
e7c6e7ca0bf75a88,1,2,17,1,-1,,,-1,,-1,,-1,,0,0,0,0,0,0,0,0,0
f845609710815b95,1,2,16,1,22,0.5103017594189099,-0.0001336572684111,22,0.0549604622179371,22,0.14961012157519,22,0.0110004991078036,1,0,0,1,1,0,0,0,0
0e7c79855e005220,1,2,17,1,3,0.1567587199850295,0.989674308249508,3,0.0945363739113271,-1,-0.0375843774484785,3,0.1301063448952707,1,1,0,0,1,1,0,0,0
14dd0d86a4d353af,1,2,1,0,-1,,,-1,,-1,,-1,,0,0,0,0,0,0,0,0,0
2d691673d2a75468,1,2,5,1,9,0.2046044900958258,-0.0005493406044321,9,0.0891804772831847,-1,-0.0441937243984539,9,0.1343116600230411,1,0,0,0,1,0,0,0,0
4a475083531f544e,1,2,17,1,5,0.0152957417616315,0.0005351796336472,5,0.1103718612766501,-1,-0.0796669303079985,5,0.1568821213062815,1,1,0,0,1,1,0,0,0
4aa6a5b42a9d5a1a,1,2,4,0,-1,,,-1,,-1,,-1,,0,0,0,0,0,0,0,0,0
4f8180de60ff5016,1,2,16,1,-1,,,-1,,-1,,-1,,0,0,0,0,0,0,0,0,0
65f6f0aad1645746,1,2,15,0,-1,,,-1,,-1,,-1,,0,0,0,0,0,0,0,0,0
86935537a5e256bd,1,2,3,1,23,0.1231613475703427,-4.216529144323439e-05,23,0.0982972926553156,-1,-0.0276654322241782,23,0.1237952387120144,1,0,0,0,1,0,0,0,0
91dfe4ebf3c25298,1,2,3,0,-1,,,-1,,-1,,-1,,0,0,0,0,0,0,0,0,0
ae93b0cb5f2752c9,1,2,7,1,23,0.2090003092380338,-1.621068492024813e-06,23,0.0886884055103372,23,0.0145754091193364,23,0.0969187484239243,1,0,0,1,1,0,0,0,0
c4b429aa06c65c18,1,2,5,1,27,0.1829648659151209,2.0200232751698115,27,0.0916028354125516,-1,-0.0061827092794072,27,0.1101264722712268,1,1,0,0,1,1,0,0,0
d124fe4c82a0504a,1,2,14,0,-1,,,-1,,-1,,-1,,0,0,0,0,0,0,0,0,0
d8a9f79a9b2f5af3,1,2,1,1,22,1.20704336188775,3.149701463542634,-1,-0.0230333915899942,22,1.4787453663196992,-1,-0.8346855563954124,1,1,0,1,0,0,0,1,0
d9b829983ef95e41,1,2,17,0,-1,,,-1,,-1,,-1,,0,0,0,0,0,0,0,0,0
dba43762ec9a571c,1,2,3,0,-1,,,-1,,-1,,-1,,0,0,0,0,0,0,0,0,0
fefa06851c7f58a7,1,2,7,1,20,0.2475751952100125,-1.232325807697454,20,0.0843702996207284,-1,-0.0159170007664347,20,0.1163200892137714,1,0,1,0,1,0,0,0,1
185ce8f5060f5856,1,2,1,0,-1,,,-1,,-1,,-1,,0,0,0,0,0,0,0,0,0
6b5577a2a92d5e63,1,2,14,1,4,0.1546974795209342,-4.862848371267603e-05,4,0.0947671109404495,-1,-0.0110449358709699,4,0.1132201508441488,1,0,0,0,1,0,0,0,0
6d5d40bcf2f153a8,1,2,28,1,11,0.3056315383103962,0.0014631343937406,11,0.0778714226764643,11,0.1852771191587632,-1,-0.0116932655917343,1,1,0,1,0,0,0,1,0
8ce184b9fe795518,1,2,12,1,12,0.2697113966484706,0.0,12,0.0818923542063361,12,0.0166794985311636,12,0.0955799839286255,1,0,0,1,1,0,0,0,0
ae75c379fc4f5ac0,1,2,15,1,-1,,,-1,,-1,,-1,,0,0,0,0,0,0,0,0,0
bc30bddda7655472,1,2,17,1,-1,,,-1,,-1,,-1,,0,0,0,0,0,0,0,0,0
ec003315c7f8544e,1,2,13,1,7,0.3000589655082053,1.625132601845264,7,0.0784952212653932,7,0.0030426839271216,7,0.1042566509553416,1,1,0,1,1,0,0,0,0
f80967dcb45f5879,1,2,25,1,25,0.2387807976232137,-8.79884749651616e-05,25,0.0853547520451038,25,0.2687040427913708,-1,-0.0647751368675124,1,0,0,1,0,0,0,0,0
f8295ad66d0b502a,1,2,18,1,23,0.0323762385235986,0.0001384854522026,23,0.1084598557889639,-1,-0.0021952607909702,23,0.107589386901591,1,1,0,0,1,1,0,0,0
00d83b17d1755be3,1,2,7,0,-1,,,-1,,-1,,-1,,0,0,0,0,0,0,0,0,0
07f7850e943e5787,1,2,17,1,9,0.0010526287388362,-0.0003208969734609,9,0.1119662475899311,-1,-0.1518229549678088,9,0.2027926816624456,1,0,0,0,1,0,0,0,0
0bd45dc9e3a759c2,1,2,17,1,17,0.1101286099339962,0.000105648253858,17,0.0997561885075578,17,0.0212386301021899,17,0.0926791549798284,1,1,0,1,1,0,0,0,0
183eebcd18325090,1,2,12,1,22,0.149891029584383,-2.6754828193224865e-05,22,0.0953051490773401,-1,-0.012896606636411,22,0.1143983094641299,1,0,0,0,1,0,0,0,0
19b32f02944d51ad,1,2,19,1,20,0.1436572762248105,4.461837168800997e-05,20,0.0960029607861262,20,0.0261933299166926,20,0.089526638666009,1,1,0,1,1,0,0,0,0
1de30d88d7e15d70,1,2,11,1,4,0.1436918799428695,0.0004073154002428,4,0.0959990872161859,4,0.0043051327292222,4,0.1034533953408775,1,1,0,1,1,0,0,0,0
351a31864bda5923,1,2,12,1,9,0.1666088868814431,-0.0003158109522206,9,0.0934337377630328,-1,-0.090717985181124,9,0.1639135524881396,1,0,0,0,1,0,0,0,0
42e1302d4d595015,1,2,24,0,23,0.1973050792219317,-3.214230805159701e-05,23,0.0899975796100233,-1,-0.0181758392832092,23,0.1177573155929703,1,0,0,0,1,0,0,0,0
436d539f02525dbf,1,2,9,1,-1,,,-1,,-1,,-1,,0,0,0,0,0,0,0,0,0
53791dfcfb555d8b,1,2,13,0,-1,,,-1,,-1,,-1,,0,0,0,0,0,0,0,0,0
5787abf0e35d54cf,1,2,12,1,9,0.1248199085838309,-0.0003529437301916,9,0.0981116319099846,-1,-0.1172733806158929,9,0.1808098974660916,1,0,0,0,1,0,0,0,0
6a860de43c125dbf,1,2,17,1,9,0.2049325584496877,0.0001310493692754,9,0.089143753029689,9,0.1775292734848788,-1,-0.0067635603021462,1,1,0,1,0,0,0,1,0
7b1eb807d4d95132,1,2,17,0,6,0.0619950175742606,-0.0012438182294368,6,0.1051443042056206,-1,-0.0481639099730722,6,0.1368377615552145,1,0,0,0,1,0,0,0,0
89ec4c93349d5b58,1,2,25,1,22,0.5054108353610807,-5.431908551845055e-05,22,0.0555079564605665,22,0.2100485693476486,-1,-0.0274545435220022,1,0,0,1,0,0,0,0,0
a3fff53e9f375592,1,2,6,1,-1,,,-1,,-1,,-1,,0,0,0,0,0,0,0,0,0
a6bf958e054951f3,1,2,16,0,7,0.0266739883942886,-0.0005569157022051,7,0.1090981705693442,-1,-0.0673800311753514,7,0.1490643621256862,1,0,0,0,1,0,0,0,0
ad9cdad9769f572f,1,2,15,1,10,0.1477735710132283,-8.041050173335229e-05,10,0.0955421792096844,-1,-0.0417711122380273,10,0.132770229735893,1,0,0,0,1,0,0,0,0
c2c39f197ef95b97,1,2,25,1,20,0.1448880799919503,5.784040018896874e-05,20,0.0958651835545953,20,0.0288905305562278,20,0.0878104965512254,1,1,0,1,1,0,0,0,0
cf7a886f70be5245,1,2,14,1,20,0.1829912191300188,0.0004713724773375,20,0.0915998854110261,-1,-0.0214476680373678,20,0.1198390751161844,1,1,0,0,1,1,0,0,0
d7ed9fbf26d0502e,1,2,14,1,9,0.1523826617382438,-0.000349602394551,9,0.0950262336325571,-1,-0.1008007893752697,9,0.1703289168696607,1,0,0,0,1,0,0,0,0
e9922a266cc35210,1,2,1,0,-1,,,-1,,-1,,-1,,0,0,0,0,0,0,0,0,0
eef9e53ca3eb51a8,1,2,8,0,2,0.0368163456877717,-1.8450037153049488,2,0.1079628263768735,2,0.0362697138549689,2,0.0831153592870359,1,0,1,1,1,0,1,0,1
f19973f839e35f20,1,2,4,1,-1,,,-1,,-1,,-1,,0,0,0,0,0,0,0,0,0
02fca515559f520d,1,2,11,1,0,0.1076566095881033,-5.087164717831882e-05,0,0.1000329063508839,-1,-0.0195253228711964,0,0.1186159486455537,1,0,0,0,1,0,0,0,0
115efd50328f5ecc,1,2,18,1,-1,,,-1,,-1,,-1,,0,0,0,0,0,0,0,0,0
117049ed19db55a2,1,2,20,1,25,0.2123565456466162,-0.0005033181324601,25,0.0883127055221805,-1,-0.0777878663903207,25,0.1556865333035837,1,0,0,0,1,0,0,0,0
2154d495b9b657a5,1,2,3,0,6,1.4060280125472815,-1.220322729590535,-1,-0.0453079044058927,6,0.6779734467297736,-1,-0.3251801101186366,1,0,1,1,0,0,1,0,0
2c572f2c1c485fc0,1,2,16,1,-1,,,-1,,-1,,-1,,0,0,0,0,0,0,0,0,0
3152efff212c51ff,1,2,3,1,1,0.2935946569372989,-0.0102287174349422,1,0.079218841522691,1,0.0434093675774157,1,0.078572626996948,1,0,0,1,1,0,0,0,0
327d5cdfdd695e7e,1,2,17,1,3,0.176566180637329,0.0001152485769475,3,0.092319109742017,3,0.2096066036758944,-1,-0.0271733349639631,1,1,0,1,0,0,0,1,0
64fe109ec6a858ec,1,2,24,1,14,0.1030903321181174,-0.0001836422961903,14,0.1005440593754465,14,0.0256796218054872,14,0.0898534946334233,1,0,0,1,1,0,0,0,0
6c95d9b03b7a5944,1,2,6,1,10,0.0965010350228222,-0.0025507494289427,10,0.1012816709555881,-1,-0.1157338572432118,10,0.1798303482038583,1,0,0,0,1,0,0,0,0
73963278f6eb5002,1,2,10,1,18,0.1413580756368672,0.0,18,0.0962603352760315,18,0.0086113170950354,18,0.1007135085723987,1,0,0,1,1,0,0,0,0
799dcf813dba5d8a,1,2,6,0,4,0.0180210547767016,-0.0031884899966418,4,0.1100667873954221,4,0.0179436363713069,4,0.094775653633518,1,0,0,1,1,0,0,0,0
7b6dfa3d4bc553a9,1,2,15,1,15,0.1407745227683244,0.0,15,0.0963256586856815,15,0.006025614427062,15,0.1023587081099394,1,0,0,1,1,0,0,0,0
842b7f0b68fc5245,1,2,16,1,20,0.2373164256761826,1.2322185659539886,20,0.0855186750994362,-1,-0.0057452502393927,20,0.1098481311381804,1,1,0,0,1,1,0,0,0
86839ab67df151f2,1,2,9,1,1,0.1533425829309448,7.329354990481818e-05,1,0.094918779229224,1,0.0185978479477557,1,0.0943593998250819,1,1,0,1,1,0,0,0,0
9a3e4f2df62b54fa,1,2,14,0,22,0.1087206653252855,-0.000212181274418,22,0.0999137950371411,-1,-0.0021148490164157,22,0.1075382234728068,1,0,0,0,1,0,0,0,0
a7c4607a69e55039,1,2,17,1,23,0.1311335441940994,-0.0001578706935048,23,0.0974048781133992,-1,-0.000937173236054,23,0.1067889062085978,1,0,0,0,1,0,0,0,0
c608632e83a659ca,1,2,27,1,-1,,,-1,,-1,,-1,,0,0,0,0,0,0,0,0,0
d022d382b3aa5fa1,1,2,10,1,-1,,,-1,,-1,,-1,,0,0,0,0,0,0,0,0,0
d07acbfa3a6e55b0,1,2,17,1,3,0.0036022067530751,-0.0001263671795837,3,0.1116808456357348,3,0.0570583202144566,3,0.0698882369297896,1,0,0,1,1,0,0,0,0
e88d31e512eb52aa,1,2,23,1,20,0.3143507173025226,0.0001063138395562,20,0.0768953902862246,20,0.1505156650057605,20,0.0104243309150526,1,1,0,1,1,0,0,0,0
fc25adef73d35a71,1,2,6,1,9,0.1449706006304333,-0.0005650871805846,9,0.0958559461233997,-1,-0.0997958766316788,9,0.1696895231754429,1,0,0,0,1,0,0,0,0
06f2c0171372558e,1,2,14,0,9,0.1788165425554677,-0.0002192424658685,9,0.0920672022947851,-1,-0.0793156013717621,9,0.1566585819911932,1,0,0,0,1,0,0,0,0
1139bbb1cfe35d48,1,2,2,1,1,0.2045598402354911,0.0015995440794149,1,0.0891854754269257,-1,-0.0623891539055954,1,0.1458888272593514,1,1,0,0,1,1,0,0,0
190db336fe0e515f,1,2,4,0,9,0.1299149026015991,-0.000611153855361,9,0.0975412939006479,9,0.0053600173376228,9,0.1027822061545122,1,0,0,1,1,0,0,0,0
1bf5b342d1b052c3,1,2,3,0,11,0.0679980424190023,-0.0001951636242678,11,0.1044723204450885,11,0.0049863557855172,11,0.1030199549956049,1,0,0,1,1,0,0,0,0
1da0d8dce4485189,1,2,12,0,4,0.0354712576723474,-0.009133773411857,4,0.1081133966853811,4,0.0124885832340969,4,0.0982465286918754,1,0,0,1,1,0,0,0,0
21f2c3689d765b09,1,2,1,1,-1,,,-1,,-1,,-1,,0,0,0,0,0,0,0,0,0
234440ab79d55e59,1,2,18,0,-1,,,-1,,-1,,-1,,0,0,0,0,0,0,0,0,0
2ababb1ca1ba5637,1,2,17,1,3,0.0662434635992207,0.0001287251278991,3,0.1046687295061803,3,0.1732252654808171,-1,-0.0040250582827307,1,1,0,1,0,0,0,1,0
3c6c3ba8c08e581a,1,2,16,1,-1,,,-1,,-1,,-1,,0,0,0,0,0,0,0,0,0
59b8dea90c1b5499,1,2,17,1,3,0.1315731938029783,0.001022456206428,3,0.0973556633583162,3,0.1569133606266159,3,0.0063536827283428,1,1,0,1,1,0,0,0,0
68e20734e9415e24,1,2,4,1,9,0.1098865271516235,-8.91803213395187e-05,9,0.0997832874622792,9,0.0135959732429786,9,0.0975419320060093,1,0,0,1,1,0,0,0,0
742976289d405b0d,1,2,17,0,-1,,,-1,,-1,,-1,,0,0,0,0,0,0,0,0,0
091cae980d54535d,2,3,17,0,20,0.0143570900148686,-0.0001110662376973,-1,-0.0860087319571467,-1,-0.118762294744458,-1,-0.1174769755277475,1,0,0,0,0,0,0,0,0
0aea8543e71b5712,2,3,15,1,22,0.1013848030140113,0.0,22,0.0285116322413492,-1,-0.0125096184836343,22,0.0400221154203686,1,0,0,0,1,0,0,0,0
122436b1207258bf,2,3,19,1,2,0.0399785615020017,1.2323318207158476,-1,-0.0522932619661476,2,0.0080625569624557,2,0.0705163960879981,1,1,0,1,1,0,0,0,0
1bd7b3ce5adf5826,2,3,17,1,-1,,,-1,,-1,,-1,,0,0,0,0,0,0,0,0,0
581836f4f4365cc8,2,3,18,1,1,0.6314680991488936,-0.0003538411187793,1,0.7260518758819453,1,0.1725673126162725,1,0.314362954912711,1,0,0,1,1,0,0,0,0
70b54ac4d8ae56de,2,3,1,1,-1,,,-1,,-1,,-1,,0,0,0,0,0,0,0,0,0
72eb13d3a4255179,2,3,1,0,-1,,,-1,,-1,,-1,,0,0,0,0,0,0,0,0,0
7fc2b30cb72a5d56,2,3,9,0,-1,,,-1,,-1,,-1,,0,0,0,0,0,0,0,0,0
83aa0b7439d45dd8,2,3,5,1,-1,,,-1,,-1,,-1,,0,0,0,0,0,0,0,0,0
8675d815740a5a0b,2,3,22,1,-1,,,-1,,-1,,-1,,0,0,0,0,0,0,0,0,0
9070daa02ad0542c,2,3,3,1,-1,,,-1,,-1,,-1,,0,0,0,0,0,0,0,0,0
9771a60ee60a5d27,2,3,5,0,-1,,,-1,,-1,,-1,,0,0,0,0,0,0,0,0,0
9c2eb9c5b45f522b,2,3,29,1,25,0.073651212373821,3.822718737644948e-05,-1,-0.0079831898238689,-1,-0.0102595338194996,25,0.0433574317778368,1,1,0,0,1,1,0,0,0
bb1419c18f39553e,2,3,21,1,22,0.1391845165006192,0.0,22,0.0782525343736134,22,0.0006013362323248,22,0.0594565760089801,1,0,0,1,1,0,0,0,0
c56712e13eb759f5,2,3,1,0,-1,,,-1,,-1,,-1,,0,0,0,0,0,0,0,0,0
b003a3bfbdb252e3,2,3,10,1,26,0.1487912521164641,0.9897842141886242,26,0.090894103634385,-1,-0.0042129317684796,26,0.0523203526178063,1,1,0,0,1,1,0,0,0
0f9ba65f3e2e5c1d,2,3,2,0,25,0.1375998380641172,-0.000127998102426,25,0.0761672451544482,-1,-0.0152927018517836,25,0.0358967313270743,1,0,0,0,1,0,0,0,0
2709051d421d536a,2,3,26,1,27,0.1563648694025691,-1.0131592304229995e-05,27,0.1008602785459711,-1,-0.010344706849368,27,0.0432311791953171,1,0,0,0,1,0,0,0,0
2bf633d593a957ad,2,3,11,1,-1,,,-1,,-1,,-1,,0,0,0,0,0,0,0,0,0
2cfe30b626795e99,2,3,7,1,10,0.2991193499749825,-0.1894030885848565,10,0.2887118782574439,-1,-0.1654027583867793,-1,-0.1866124635321353,1,0,0,0,0,0,0,0,0
4a42412827f55dc1,2,3,16,1,24,0.0519914090775093,0.0,-1,-0.0364854734813268,-1,-0.0302041619649976,24,0.0137933688971698,1,0,0,0,1,0,0,0,0
60183447caa4548b,2,3,17,1,3,0.081899214436054,-6.448373179882786e-05,3,0.002870412638213,-1,-0.0292228362112731,3,0.0152479949788336,1,0,0,0,1,0,0,0,0
618892326e0c530e,2,3,24,0,17,0.075314314514665,-1.1183486133825582e-05,-1,-0.0057947023144863,-1,-0.0308474961129174,17,0.012839750155139,1,0,0,0,1,0,0,0,0
63d0c4a8acfa5fc2,2,3,1,0,-1,,,-1,,-1,,-1,,0,0,0,0,0,0,0,0,0
8aeb517756f55681,2,3,14,1,15,0.0511970865472726,1.1431345063428466e-05,-1,-0.0375307279447489,-1,-0.0120271855222591,15,0.040737229199465,1,1,0,0,1,1,0,0,0
ab77602df4a154f7,2,3,11,1,10,0.0393448809408223,-0.0001715479505914,-1,-0.0531271265611244,-1,-0.0091625930224556,10,0.044983434853131,1,0,0,0,1,0,0,0,0
acdcf9be0fc85495,2,3,23,1,13,0.1510483237136072,1.6302977381565595e-05,13,0.0938641996235724,-1,-0.0311675253083982,13,0.0123653686229378,1,1,0,0,1,1,0,0,0
be58ded948ea5c00,2,3,4,0,2,0.0501064163029145,-0.0012929431468249,-1,-0.0389659483969466,2,0.2312110816096863,2,0.4012910270448527,1,0,0,1,1,0,0,0,0
d74df20dba705137,2,3,19,1,23,0.0858643709150893,-8.57298430055383e-05,23,0.0080881892341306,-1,-0.0462615218365733,-1,-0.0100085688214795,1,0,0,0,0,0,0,0,0
ec0f4f7c37615b20,2,3,5,0,2,0.0954451167856291,-0.7737388310596343,2,0.0206955584108692,2,0.0347725328656698,2,0.1101087816357812,1,0,1,1,1,0,1,0,1
ec57eef8dffd515e,2,3,1,0,-1,,,-1,,-1,,-1,,0,0,0,0,0,0,0,0,0
f73c53f115a550d5,2,3,17,1,-1,,,-1,,-1,,-1,,0,0,0,0,0,0,0,0,0
06f8d2f6dca3537c,2,3,6,0,-1,,,-1,,-1,,-1,,0,0,0,0,0,0,0,0,0
79e0120026c25eed,2,3,2,1,-1,,,-1,,-1,,-1,,0,0,0,0,0,0,0,0,0
884e1c90e87b5fab,2,3,16,1,7,0.1830596053222681,-2.0925029926001974e-05,7,0.1359880645620958,7,0.1176221123495985,7,0.2329172972737412,1,0,0,1,1,0,0,0,0
8c1a6d183a275d96,2,3,12,0,-1,,,-1,,-1,,-1,,0,0,0,0,0,0,0,0,0
bd8986c6178e5d2a,2,3,1,0,-1,,,-1,,-1,,-1,,0,0,0,0,0,0,0,0,0
c1dd6c577b0f573a,2,3,5,0,1,0.0776118871430176,-0.2477531754664172,-1,-0.0027713107406548,1,0.0076671917235462,1,0.0699303434076132,1,0,0,1,1,0,0,0,0
d1d6c7f48e6d5708,2,3,15,0,-1,,,-1,,-1,,-1,,0,0,0,0,0,0,0,0,0
0fd565e4e40058b8,2,3,15,1,-1,,,-1,,-1,,-1,,0,0,0,0,0,0,0,0,0
25708e54a75c59eb,2,3,17,0,-1,,,-1,,-1,,-1,,0,0,0,0,0,0,0,0,0
321b3f53510c5059,2,3,7,1,-1,,,-1,,-1,,-1,,0,0,0,0,0,0,0,0,0
3e07748ebae855b8,2,3,12,1,23,0.1816544829710277,-2.1420662570744223e-05,23,0.1341390544265649,23,0.0072133816200226,23,0.0692576574924594,1,0,0,1,1,0,0,0,0
46f297276986585b,2,3,4,0,-1,,,-1,,-1,,-1,,0,0,0,0,0,0,0,0,0
4d6fb0d27a0f51ce,2,3,7,1,-1,,,-1,,-1,,-1,,0,0,0,0,0,0,0,0,0
5583fb05984f5685,2,3,17,0,2,0.1166510411835945,-0.0004475013362128,2,0.0486005797141946,2,0.0265999321737507,2,0.0979944780252114,1,0,0,1,1,0,0,0,0
97b8db1dfd4f5fb3,2,3,18,1,-1,,,-1,,-1,,-1,,0,0,0,0,0,0,0,0,0
edf9d12992c9551c,2,3,16,1,13,0.145948148399534,0.0,13,0.0871528439609274,13,0.004006409023781,13,0.0645039394085621,1,0,0,1,1,0,0,0,0
f94f2bcde8345a9a,2,3,3,0,15,0.1621689269535773,0.0,15,0.108497877670023,15,0.0044601086846657,15,0.0651764616138136,1,0,0,1,1,0,0,0,0
0bb64f8f31ba5310,2,3,17,1,-1,,,-1,,-1,,-1,,0,0,0,0,0,0,0,0,0
440a7c7dd1395be4,2,3,17,1,22,0.3464565185401473,0.0054980933307104,22,0.3510031829164743,22,0.0968270947802354,22,0.2020926961560713,1,1,0,1,1,0,0,0,0
630c3828efa0518a,2,3,17,0,-1,,,-1,,-1,,-1,,0,0,0,0,0,0,0,0,0
66a39f4cabc85bc4,2,3,14,1,6,0.3664261797426085,-1.1789312648981811,6,0.3772813970050023,6,0.0450076989184093,6,0.1252804404187784,1,0,1,1,1,0,1,0,1
684af4044c445d01,2,3,4,1,9,0.0782435659244217,-6.066455971449631e-05,-1,-0.0019400803014087,-1,-0.1276501190631372,-1,-0.1306514601615494,1,0,0,0,0,0,0,0,0
69f12cf621135ce3,2,3,17,1,-1,,,-1,,-1,,-1,,0,0,0,0,0,0,0,0,0
71589a780d925ed6,2,3,17,1,3,0.1988127549864715,0.9912868022998796,3,0.1567177422089825,3,0.0478102438198542,3,0.1294346724800521,1,1,0,1,1,0,0,0,0
7c39359aaa345e52,2,3,11,1,9,0.1375659597353667,0.0004377499253883,9,0.0761226644293753,9,0.0642756997263687,9,0.1538415338277742,1,1,0,1,1,0,0,0,0
93ccd00db2005d2d,2,3,17,1,-1,,,-1,,-1,,-1,,0,0,0,0,0,0,0,0,0
a1c64a274ecc54b0,2,3,1,1,20,0.0672836229915809,9.327751190868484e-05,-1,-0.0163623443482191,-1,-0.001680973545002,20,0.0560734921390868,1,1,0,0,1,1,0,0,0
a71d387393a559d4,2,3,17,1,-1,,,-1,,-1,,-1,,0,0,0,0,0,0,0,0,0
c65275d1d5af5014,2,3,17,0,3,0.1100294316323377,-0.0002589660743251,3,0.0398871583078705,3,0.0915400690266045,3,0.194255700615629,1,0,0,1,1,0,0,0,0
cd7aee35baa65cec,2,3,16,1,-1,,,-1,,-1,,-1,,0,0,0,0,0,0,0,0,0
dc6d75a4555c5fd6,2,3,10,1,21,0.0346460631531994,3.0565711064264086e-05,-1,-0.059310333103002,-1,-0.0500139805115681,-1,-0.0155708647647954,1,1,0,0,0,1,0,1,0
24e5d608f799503b,2,3,17,1,-1,,,-1,,-1,,-1,,0,0,0,0,0,0,0,0,0
2fdb08ec2f205723,2,3,17,1,-1,,,-1,,-1,,-1,,0,0,0,0,0,0,0,0,0
77e69dcde5805f89,2,3,17,1,-1,,,-1,,-1,,-1,,0,0,0,0,0,0,0,0,0
79a429b2a2b450e7,2,3,17,1,3,0.1811866113655169,4.5840236171379445e-05,3,0.1335233789731405,3,0.0389501477163127,3,0.1163012895749926,1,1,0,1,1,0,0,0,0
8724d825e1c15a99,2,3,18,1,3,0.1498366784107047,0.0005389120473116,3,0.09226978726243,3,0.0571688960016413,3,0.1433070685739897,1,1,0,1,1,0,0,0,0
dd63e7a132215419,2,3,9,1,-1,,,-1,,-1,,-1,,0,0,0,0,0,0,0,0,0
0e59b30dfd9d5121,2,3,19,1,21,0.0242202976862277,0.000267652710434,-1,-0.0730296693601487,21,0.0154181491322609,21,0.0814196422075178,1,1,0,1,1,0,0,0,0
38eeabce6a485364,2,3,15,1,-1,,,-1,,-1,,-1,,0,0,0,0,0,0,0,0,0
5aa3112549445a00,2,3,4,0,20,0.0754684755646449,-5.174224078752232e-06,-1,-0.005591840731888,-1,-0.0083473635700626,20,0.0461918552165941,1,0,0,0,1,0,0,0,0
683e8d239bf75a5d,2,3,17,1,22,0.0382279740013438,-0.0001595440631732,-1,-0.0545968720603099,22,0.0091496154067868,22,0.0721277504822097,1,0,0,1,1,0,0,0,0
713177596893526a,2,3,23,1,1,0.3351266791047002,0.9896099772717104,1,0.33609416952587,1,0.0993538900184242,1,0.2058381825478668,1,1,0,1,1,0,0,0,0
8be5348ca3425c10,2,3,10,0,-1,,,-1,,-1,,-1,,0,0,0,0,0,0,0,0,0
90244d4079fe5582,2,3,13,1,1,0.528581605465504,0.0010825669911689,1,0.5906628334530802,1,0.1533005229807903,1,0.2858036568332152,1,1,0,1,1,0,0,0,0
a63aaf23916e5f10,2,3,8,1,0,0.126020086422877,-9.402019237750216e-05,0,0.0609293705788401,-1,-0.0446759348103279,-1,-0.0076582419963954,1,0,0,0,0,0,0,0,0
ac29e7c780d75eee,2,3,3,0,17,0.0513032791634178,-1.1126175523124004e-06,-1,-0.0373909883531058,-1,-0.0301127600278416,17,0.0139288546328668,1,0,0,0,1,0,0,0,0
b4a3828e9a685c84,2,3,1,0,16,0.073244073087613,0.0,-1,-0.0085189472019413,-1,-0.0214751804684617,16,0.0267323996960979,1,0,0,0,1,0,0,0,0
b9b7f27d456b5e0b,2,3,1,1,-1,,,-1,,-1,,-1,,0,0,0,0,0,0,0,0,0
c6eebddd3a955416,2,3,16,0,3,0.2206431298405776,-0.0003261594811454,3,0.1854444821487824,3,0.1033348446214258,3,0.2117391796158311,1,0,0,1,1,0,0,0,0
e06039dcbccd55a0,2,3,17,1,-1,,,-1,,-1,,-1,,0,0,0,0,0,0,0,0,0
ee1f7084ec1a54cf,2,3,11,0,-1,,,-1,,-1,,-1,,0,0,0,0,0,0,0,0,0
fa243f63e0525715,2,3,15,0,-1,,,-1,,-1,,-1,,0,0,0,0,0,0,0,0,0
1c3f933be722564d,2,3,2,0,7,0.0163772575546554,-2.020616720138795,-1,-0.0833503796412511,7,0.0059654325299876,7,0.0674078137600762,1,0,1,1,1,0,1,0,1
27d3a84b2d335113,2,3,13,1,0,0.0710031756706808,3.223411133512874e-06,-1,-0.0114677594764989,-1,-0.0132382262881788,0,0.0389420949360677,1,1,0,0,1,1,0,0,0
37c65539bccb5da7,2,3,18,1,19,0.3096755280489328,3.19452974479645e-05,19,0.302602825358224,19,0.1698728220505014,19,0.3103688925548322,1,1,0,1,1,0,0,0,0
3dae82a193c9501b,2,3,17,0,-1,,,-1,,-1,,-1,,0,0,0,0,0,0,0,0,0
69a069b9a6985aaf,2,3,15,1,7,0.1634119045513961,0.0001744541430845,7,0.1101335204128603,-1,-0.0204335484977881,7,0.0282764181082165,1,1,0,0,1,1,0,0,0
7d8759e340975895,2,3,12,1,14,0.1369317555161481,0.0001328599065542,14,0.0752881107491947,-1,-0.004714592337447,14,0.0515767376204491,1,1,0,0,1,1,0,0,0
a99fbe3c63d15894,2,3,23,1,21,0.150472348272085,-3.527703285222117e-05,21,0.0931062695911797,-1,-0.0209178849741101,21,0.0275584827354972,1,0,0,0,1,0,0,0,0
aaf8a6e715785915,2,3,19,1,21,0.0851857097933432,1.1295703612024257e-05,21,0.007195134411117,-1,-0.0101148651473342,21,0.0435718751702912,1,1,0,0,1,1,0,0,0
adb358cddcdf5ad4,2,3,17,1,-1,,,-1,,-1,,-1,,0,0,0,0,0,0,0,0,0
ae3f167434e35c78,2,3,4,1,-1,,,-1,,-1,,-1,,0,0,0,0,0,0,0,0,0
ae62df1371af5474,2,3,9,0,-1,,,-1,,-1,,-1,,0,0,0,0,0,0,0,0,0
f0a54058d2af5c6c,2,3,16,1,4,0.0989469088352006,0.0006539796369151,4,0.0253035905772239,-1,-0.0248469524406888,4,0.0217343983355815,1,1,0,0,1,1,0,0,0
f533a754e0245b89,2,3,7,1,10,0.0597686301894117,-0.0028522905766963,-1,-0.026251374899464,-1,-0.0067444856864501,10,0.0485678124014285,1,0,0,0,1,0,0,0,0
f9c3f5c430be54aa,2,3,2,1,2,0.1548735680896494,1.5646017807097174,2,0.0988978649239225,-1,-0.023940650526818,2,0.0230778160506213,1,1,0,0,1,1,0,0,0
02bb7e4c3012543c,2,3,8,1,-1,,,-1,,-1,,-1,,0,0,0,0,0,0,0,0,0
105b657c237a5c20,2,3,11,1,-1,,,-1,,-1,,-1,,0,0,0,0,0,0,0,0,0
11aaf0aadcfb5861,2,3,17,0,-1,,,-1,,-1,,-1,,0,0,0,0,0,0,0,0,0
22b187e4a9c25c9b,2,3,14,0,-1,,,-1,,-1,,-1,,0,0,0,0,0,0,0,0,0
2f2543566c675f13,2,3,11,1,1,0.0920906217169804,4.081237241626568e-05,1,0.0162813553515806,1,0.0065198835450911,1,0.0682296804078366,1,1,0,1,1,0,0,0,0
359105de514f5258,2,3,12,1,9,0.0199806584066202,-0.0003807342187269,-1,-0.0786086397551961,-1,-0.1286178863775783,-1,-0.1320859884730961,1,0,0,0,0,0,0,0,0
5740c711ed2d5d2f,2,3,17,1,-1,,,-1,,-1,,-1,,0,0,0,0,0,0,0,0,0
5f01892cbea95932,2,3,14,0,-1,,,-1,,-1,,-1,,0,0,0,0,0,0,0,0,0
75fd8a14d25350e5,2,3,12,1,14,0.0451435252879411,6.06032689663456,-1,-0.0454966507091835,14,0.1446957925101061,14,0.2730488042056959,1,1,0,1,1,0,0,0,0
78dae1caad5656a7,2,3,15,1,17,0.0083001771523453,0.0001282766357064,-1,-0.0939790651191999,17,0.04063788769334,17,0.1188030384390502,1,1,0,1,1,0,0,0,0
a9e5024892425a19,2,3,10,1,9,0.1413417836220566,0.1097359060698885,9,0.0810912969689591,-1,-0.0457586454411168,-1,-0.0092631515959477,1,1,0,0,0,1,0,1,0
aaddf9a720325142,2,3,11,0,-1,,,-1,,-1,,-1,,0,0,0,0,0,0,0,0,0
d32e31e6812d546f,2,3,9,1,-1,,,-1,,-1,,-1,,0,0,0,0,0,0,0,0,0
e034837cf84e5081,2,3,8,1,-1,,,-1,,-1,,-1,,0,0,0,0,0,0,0,0,0
e865980d1e455826,2,3,16,1,-1,,,-1,,-1,,-1,,0,0,0,0,0,0,0,0,0
f125490e18b15e5c,2,3,21,1,19,0.083432429385926,2.2940688254813324e-05,19,0.0048879807024876,-1,-0.0040409400874055,19,0.0525752970989534,1,1,0,0,1,1,0,0,0
f1d77af4b7285825,2,3,7,1,9,0.1941999423083564,-0.0001714905660601,9,0.1506477103803581,-1,-0.0431400830765064,-1,-0.0053816381458328,1,0,0,0,0,0,0,0,0
2d8cf993fd4159e2,2,3,12,1,2,0.234862503030595,-0.0050927070549839,2,0.2041558528176998,2,0.0888590405606065,2,0.1902815932231322,1,0,0,1,1,0,0,0,0
470e191769275e16,2,3,9,1,-1,,,-1,,-1,,-1,,0,0,0,0,0,0,0,0,0
549a8da7bb0b5e8a,2,3,2,0,2,0.0738383346804003,-0.9131117959951052,-1,-0.0077369542977287,2,0.0581521327190367,2,0.1447645272905725,1,0,1,1,1,0,1,0,1
5c921b6094c95071,2,3,2,1,-1,,,-1,,-1,,-1,,0,0,0,0,0,0,0,0,0
698c37f393b852d6,2,3,14,0,-1,,,-1,,-1,,-1,,0,0,0,0,0,0,0,0,0
71dfd904537f5299,2,3,6,1,-1,,,-1,,-1,,-1,,0,0,0,0,0,0,0,0,0
7ef659e1786d5ef0,2,3,1,0,-1,,,-1,,-1,,-1,,0,0,0,0,0,0,0,0,0
893f5457b66f5c0a,2,3,4,0,-1,,,-1,,-1,,-1,,0,0,0,0,0,0,0,0,0
8f090017c0c45c30,2,3,13,1,2,0.1395255199667619,0.980162891490938,2,0.078701263172634,2,0.0821260052298017,2,0.1803011674941824,1,1,0,1,1,0,0,0,0
90003a4fe9855d90,2,3,21,1,-1,,,-1,,-1,,-1,,0,0,0,0,0,0,0,0,0
9d6b57b25d0e5698,2,3,29,1,28,0.0780187847273103,-4.430631548166253e-05,-1,-0.00223587141979,-1,-0.0248702757678878,28,0.0216998260032789,1,0,0,0,1,0,0,0,0
a5a77a41a5d4527c,2,3,17,1,2,0.0567539327919885,-0.0001227254013267,-1,-0.0302184358735305,-1,-0.0705305808770386,-1,-0.0459827660986992,1,0,0,0,0,0,0,0,0
b86d04e1e9105474,2,3,3,0,-1,,,-1,,-1,,-1,,0,0,0,0,0,0,0,0,0
c4a7fbc6d1e35668,2,3,6,1,21,0.30506643197648,1.9843287469431443,21,0.2965376842364718,-1,-0.015479607642218,21,0.0356196795564996,1,1,0,0,1,1,0,0,0
db167c9f01af53f1,2,3,17,0,9,0.0069559904076055,-0.00040012851879,-1,-0.0957478896723617,-1,-0.1550081597067582,-1,-0.1712044766419506,1,0,0,0,0,0,0,0,0
e19f348970f556d2,2,3,5,0,-1,,,-1,,-1,,-1,,0,0,0,0,0,0,0,0,0
e1c764e511515749,2,3,10,1,20,0.4556764919016465,0.0004805833668912,20,0.4947264946761678,20,0.1879156815126774,20,0.3371139503115103,1,1,0,1,1,0,0,0,0
e75b5a59035b5493,2,3,9,1,22,0.03279656586801,1.9060943658999463e-05,-1,-0.0617440992607557,-1,-0.0158790760383349,22,0.0350275447372649,1,1,0,0,1,1,0,0,0
e86d2d8665685c70,2,3,11,1,-1,,,-1,,-1,,-1,,0,0,0,0,0,0,0,0,0
e9c39cd0c047561f,2,3,29,1,-1,,,-1,,-1,,-1,,0,0,0,0,0,0,0,0,0
0612f5d26b32561d,2,3,15,1,-1,,,-1,,-1,,-1,,0,0,0,0,0,0,0,0,0
07003d3990e35817,2,3,2,1,-1,,,-1,,-1,,-1,,0,0,0,0,0,0,0,0,0
0938c742dd0159e8,2,3,4,0,-1,,,-1,,-1,,-1,,0,0,0,0,0,0,0,0,0
097a309009705384,2,3,9,1,3,0.0945879986853262,0.0004824268192052,3,0.0195676708262699,3,0.096873348554579,3,0.2021612584518026,1,1,0,1,1,0,0,0,0
12db610090455243,2,3,15,1,-1,,,-1,,-1,,-1,,0,0,0,0,0,0,0,0,0
1b2ded48330b5b03,2,3,17,1,5,0.102286105147456,0.0020229374388232,5,0.0296976618980861,5,0.0744339561251697,5,0.1688991888886374,1,1,0,1,1,0,0,0,0
2322ed0c8d8e5d5f,2,3,12,1,25,0.3004723276941828,0.0026175350087694,25,0.2904922709141692,25,0.2172131592978684,25,0.3805418081370694,1,1,0,1,1,0,0,0,0
253b0edab17c5d6d,2,3,17,0,-1,,,-1,,-1,,-1,,0,0,0,0,0,0,0,0,0
326079b8c9395f39,2,3,1,0,23,0.0981394250108717,-0.0004300676556301,23,0.0242410170766717,-1,-0.0706389531177565,-1,-0.0461434070349818,1,0,0,0,0,0,0,0,0
460cfd36104e5450,2,3,16,1,6,0.177870682733008,-0.0017542777046561,6,0.12915992575158,-1,-0.0153371483942192,6,0.0358308479039386,1,0,0,0,1,0,0,0,0
5b06ed05f63a5554,2,3,14,1,3,0.0942051171985382,0.0001472774073248,3,0.019063834452766,3,0.1023724142519809,3,0.2103125622954696,1,1,0,1,1,0,0,0,0
5da895ba0a415a80,2,3,16,1,6,0.0769295070032463,-0.002026025418937,-1,-0.0036692594449853,-1,-0.0269096478115363,6,0.0186768504483745,1,0,0,0,1,0,0,0,0
5e16781ce6685597,2,3,12,1,9,0.1119610757494009,0.9893989870341496,9,0.0424290220448865,-1,-0.1098059068832361,-1,-0.1042008586715615,1,1,0,0,0,1,0,1,0
5f9c0089a0a355fe,2,3,1,1,-1,,,-1,,-1,,-1,,0,0,0,0,0,0,0,0,0
628e147a02bf5128,2,3,15,1,2,0.0364822886640526,0.0001771564187642,-1,-0.0568940313640887,-1,-0.1222767028528591,-1,-0.1226864074382918,1,1,0,0,0,1,0,1,0
767b810b38de5665,2,3,10,1,-1,,,-1,,-1,,-1,,0,0,0,0,0,0,0,0,0
1fd9a12a263556d8,3,4,4,0,-1,,,-1,,-1,,-1,,0,0,0,0,0,0,0,0,0
399cc87ac7c55646,3,4,16,1,22,0.2928596543067295,0.0005082323875802,22,0.1310736670946999,22,0.1706304256128696,22,0.046086462791,1,1,0,1,1,0,0,0,0
41fdae5fd40d5324,3,4,19,1,22,0.1220973388524979,-4.641914139513759e-05,22,0.2364150512754245,-1,-0.0026131259742899,22,0.2119471975908417,1,0,0,0,1,0,0,0,0
46eb37ed09fc5718,3,4,22,1,-1,,,-1,,-1,,-1,,0,0,0,0,0,0,0,0,0
538f3eb865185615,3,4,26,0,19,0.3564730712372098,-9.282299746971034e-05,19,0.091831253602606,19,0.1015703024173527,19,0.112203571760642,1,0,0,1,1,0,0,0,0
667054412512521b,3,4,11,0,9,0.0352653553706854,-0.0001064360320568,9,0.2899807417311946,-1,-0.1328384396043946,9,0.3366229272809152,1,0,0,0,1,0,0,0,0
86f569f804fb5848,3,4,8,1,-1,,,-1,,-1,,-1,,0,0,0,0,0,0,0,0,0
98dbc922be205d29,3,4,16,1,26,0.5185924505967953,0.0002245069518684,-1,-0.008178398871543,26,0.0806943821578261,26,0.132189859516501,1,1,0,1,1,0,0,0,0
ba95a132236555b4,3,4,9,0,25,0.2761618716830546,-0.0004200205574278,25,0.1413743445576862,-1,-0.0769067127132998,25,0.2830747447610376,1,0,0,0,1,0,0,0,0
bc346dea1bcd5cc3,3,4,29,1,28,0.0546752111961481,-9.483449810643307e-05,28,0.2780070162990716,28,0.0021376548800902,28,0.2073988724372553,1,0,0,1,1,0,0,0,0
c0426fcae01a50cf,3,4,17,1,-1,,,-1,,-1,,-1,,0,0,0,0,0,0,0,0,0
c075c65bf21d5842,3,4,14,1,9,0.2148766836622629,-0.0004111885782156,9,0.1791804993800392,-1,-0.0660201285526415,9,0.2726520950762171,1,0,0,0,1,0,0,0,0
d1f387a440e25adc,3,4,17,1,26,0.0897864051838182,-0.0001685254469512,26,0.2563473089739479,-1,-0.0396846757201043,26,0.2474389340778776,1,0,0,0,1,0,0,0,0
f462fca7c1f8594c,3,4,5,1,20,0.0344900477082446,-7.948029409162718e-05,20,0.290459020455105,-1,-0.0611498350073419,20,0.2679893502945857,1,0,0,0,1,0,0,0,0
f5b6478d00565e99,3,4,2,1,-1,,,-1,,-1,,-1,,0,0,0,0,0,0,0,0,0
258a909f4194587f,3,4,14,1,24,0.2065552985850331,-0.0001065721827559,24,0.1843138698195561,-1,-0.104299850062101,24,0.3093005167884561,1,0,0,0,1,0,0,0,0
09be490c13cb56b6,3,4,19,1,23,0.1040684484915912,-8.767266422510158e-05,23,0.2475368743826396,-1,-0.0335752993609472,23,0.2415899103028785,1,0,0,0,1,0,0,0,0
2f4a06067a6f5d7f,3,4,3,1,-1,,,-1,,-1,,-1,,0,0,0,0,0,0,0,0,0
33cd12f0c4a75e41,3,4,16,1,-1,,,-1,,-1,,-1,,0,0,0,0,0,0,0,0,0
3cd8e7898e005bc4,3,4,8,1,-1,,,-1,,-1,,-1,,0,0,0,0,0,0,0,0,0
3f68aa4cebd65ce8,3,4,21,1,23,0.1727381425291408,-0.0006958824434317,23,0.2051752994535321,-1,-0.1225689727743185,23,0.3267910963190449,1,0,0,0,1,0,0,0,0
420b77ddd4f052b3,3,4,18,1,-1,,,-1,,-1,,-1,,0,0,0,0,0,0,0,0,0
56e384e4189f536f,3,4,19,1,3,0.1176736695860186,-1.771524733840124e-05,3,0.2391439639307085,3,0.0105326291662167,3,0.1993616520560847,1,0,0,1,1,0,0,0,0
7f9f132592f45a84,3,4,25,0,14,0.5086064863817903,-0.0006534868726856,-1,-0.0020181679681987,14,0.0636287101635907,14,0.1485282736790213,1,0,0,1,1,0,0,0,0
9d81a9a1677354a1,3,4,10,1,26,0.1085999698418506,-0.000407588063553,26,0.2447414289694578,-1,-0.0527265226156672,26,0.2599249994432417,1,0,0,0,1,0,0,0,0
b0f9569dfe425d61,3,4,9,0,-1,,,-1,,-1,,-1,,0,0,0,0,0,0,0,0,0
e516f368a8fb5a16,3,4,3,1,11,0.0151999004754628,-0.0004473697791341,11,0.302358898980094,-1,-0.1858540743016161,11,0.3873792875967983,1,0,0,0,1,0,0,0,0
f997536112085ece,3,4,17,1,24,0.1085091570393512,-8.260559672490508e-05,24,0.2447974503831472,-1,-0.0235587446255353,24,0.2320002135242228,1,0,0,0,1,0,0,0,0
925cbce83b0c5797,3,4,16,1,-1,,,-1,,-1,,-1,,0,0,0,0,0,0,0,0,0
050392bdc27a5f5c,3,4,1,1,-1,,,-1,,-1,,-1,,0,0,0,0,0,0,0,0,0
1ae7a63963375f27,3,4,2,1,-1,,,-1,,-1,,-1,,0,0,0,0,0,0,0,0,0
1bd0f4142cdc52f5,3,4,10,1,0,0.2889227713411633,-2.8255283832552547e-06,0,0.1335022866636435,0,0.0436688587241707,0,0.1676375311140511,1,0,0,1,1,0,0,0,0
2e91c253ccb958d1,3,4,16,1,3,0.0639125743880689,-6.759409550577411e-05,3,0.2723085890891301,-1,-0.0410067100980355,3,0.2487046296339052,1,0,0,0,1,0,0,0,0
63464806708f5d70,3,4,3,1,-1,,,-1,,-1,,-1,,0,0,0,0,0,0,0,0,0
67a57ae417045162,3,4,4,0,-1,,,-1,,-1,,-1,,0,0,0,0,0,0,0,0,0
6ed7b0d3fc715d28,3,4,11,1,8,0.5592998637577578,0.0009856917359167,-1,-0.0332903519238649,8,0.2926011866301716,-1,-0.0706864840868969,1,1,0,1,0,0,0,1,0
78a96b59eca751e7,3,4,16,1,5,0.0309033475270032,0.0035972677305342,5,0.2926716161365831,-1,-0.0242798276742108,5,0.232690567440483,1,1,0,0,1,1,0,0,0
986b52e5fc685833,3,4,17,1,25,0.1554460997651751,-0.0001533661117778,25,0.2158425694259673,-1,-0.0846693121335851,25,0.2905065390876368,1,0,0,0,1,0,0,0,0
9f32f8bd95195212,3,4,4,0,26,0.0288047950986548,-0.0002767197914421,26,0.293966189924658,-1,-0.0245791813754596,26,0.2329771641097345,1,0,0,0,1,0,0,0,0
b4c84a922cb957a8,3,4,19,1,22,0.0882435172987736,-0.000144931913248,22,0.2572990994495803,-1,-0.0724624762542179,22,0.2788199005375473,1,0,0,0,1,0,0,0,0
b8c14f4001735d94,3,4,1,0,7,0.1187524706604721,-0.0021207949011702,7,0.2384784634768391,-1,-0.0076013959838785,7,0.2167228912405654,1,0,0,0,1,0,0,0,0
bd29c544e8035592,3,4,2,1,-1,,,-1,,-1,,-1,,0,0,0,0,0,0,0,0,0
c34206b68ee6576f,3,4,11,1,1,0.0356502641264642,-4.7573717791848935e-06,1,0.2897432957759253,-1,-0.0143360765861318,1,0.2231705717637277,1,0,0,0,1,0,0,0,0
efc9ce296b1955e3,3,4,12,1,25,0.218784921514385,0.0001197258479893,25,0.1767695506648328,-1,-0.0258421822003989,25,0.2341863418422278,1,1,0,0,1,1,0,0,0
0831e7eae1365d56,3,4,5,1,9,0.0454030205190284,-0.000454077412188,9,0.2837269281995236,-1,-0.1588768196663403,9,0.3615516753382366,1,0,0,0,1,0,0,0,0
174ebef468f65cc9,3,4,15,1,-1,,,-1,,-1,,-1,,0,0,0,0,0,0,0,0,0
40e3009527ee5be5,3,4,16,1,5,0.0372938980704864,0.0004074828368609,5,0.2887293561705203,-1,-0.0186719160365607,5,0.2273216383438911,1,1,0,0,1,1,0,0,0
4f48d8ce00c3509c,3,4,16,1,6,0.0378809676349311,0.0004191477632149,6,0.2883671994478003,-1,-0.019289333589922,6,0.2279127444955524,1,1,0,0,1,1,0,0,0
5979437fa70f5fd8,3,4,2,0,9,0.1133785350342759,-0.0001650322461967,9,0.2417935849417583,-1,-0.1394643969579376,9,0.3429665178234939,1,0,0,0,1,0,0,0,0
87237d7e0ff25ebb,3,4,1,0,-1,,,-1,,-1,,-1,,0,0,0,0,0,0,0,0,0
9bcb80a60af853a2,3,4,12,1,12,0.2697116658870999,-0.0004041901597287,12,0.1453534051893542,12,0.0537843026832863,12,0.1579531593004113,1,0,0,1,1,0,0,0,0
a2326fd4694d5191,3,4,2,0,9,0.0914734952301084,-0.0003037672139702,9,0.2553065617795743,-1,-0.0945201765419186,9,0.2999376064734713,1,0,0,0,1,0,0,0,0
bc50e785e5cf5d5e,3,4,14,0,3,0.0046605179939849,-0.0001464746225625,3,0.3088605274925425,3,0.0331187418930148,3,0.1777380521078113,1,0,0,1,1,0,0,0,0
be3f5af9cebd56a0,3,4,7,1,8,0.2565206817211672,7.009943267322072e-05,8,0.153490777460567,8,0.0136260744733295,8,0.1964000346856239,1,1,0,1,1,0,0,0,0
ccb8e05950fc5fca,3,4,19,1,23,0.1053961359803062,-0.000183020631969,23,0.246717838651901,-1,-0.045759535112603,23,0.2532549118352871,1,0,0,0,1,0,0,0,0
faf0ce0d2dc95076,3,4,7,1,-1,,,-1,,-1,,-1,,0,0,0,0,0,0,0,0,0
0395a156348a5041,3,4,8,1,24,0.0578667543811341,-0.0003903797159903,24,0.2760381885990918,-1,-0.0804851997098748,24,0.2865007336494322,1,0,0,0,1,0,0,0,0
0d99f7ef1331585c,3,4,2,0,-1,,,-1,,-1,,-1,,0,0,0,0,0,0,0,0,0
1a775b7a88eb5558,3,4,12,1,21,0.0438683582306958,0.0,21,0.2846736443954998,-1,-0.0347918090894504,21,0.2427545781685056,1,0,0,0,1,0,0,0,0
2777ce9cfe665ad6,3,4,19,1,20,0.7017357375583403,-0.0003108637665398,-1,-0.1211574674711819,20,0.0687406251777994,20,0.1436342041871221,1,0,0,1,1,0,0,0,0
4db8527b43a95f0d,3,4,17,0,11,0.0947552042199292,-0.0003200179014353,11,0.2532821117916101,-1,-0.1124014309323049,11,0.3170568467866686,1,0,0,0,1,0,0,0,0
5d00c83bfb0c508d,3,4,12,1,-1,,,-1,,-1,,-1,,0,0,0,0,0,0,0,0,0
5f60684cc6045646,3,4,17,1,2,0.0299469729123501,-0.9895701892308892,2,0.2932615930611456,2,0.0121311301533633,2,0.1978312715837528,1,0,1,1,1,0,1,0,1
633d93f8f6bc51b5,3,4,5,0,-1,,,-1,,-1,,-1,,0,0,0,0,0,0,0,0,0
6f319806306450c0,3,4,17,0,9,0.1436213995102266,-0.0001257457367667,9,0.2231370962603279,-1,-0.1032143251290602,9,0.3082612517688452,1,0,0,0,1,0,0,0,0
74bb5ba3f6a75df3,3,4,8,1,-1,,,-1,,-1,,-1,,0,0,0,0,0,0,0,0,0
8515fe3938815bd1,3,4,17,0,9,0.1763813119286015,-0.0001239293869381,9,0.2029278685357491,-1,-0.0890042313329857,9,0.2946567246334971,1,0,0,0,1,0,0,0,0
9a807a00fda657be,3,4,4,1,9,0.1868845466003021,-7.209880230948321e-05,9,0.1964485392074439,-1,-0.0939685026693422,9,0.2994094423193824,1,0,0,0,1,0,0,0,0
bb77e9686029538d,3,4,18,1,22,0.5400424241763673,0.0002012102944777,-1,-0.0214106503873507,22,0.0988858574692837,22,0.1147736184234896,1,1,0,1,1,0,0,0,0
d97f7fc3e5a35f1e,3,4,16,1,-1,,,-1,,-1,,-1,,0,0,0,0,0,0,0,0,0
fee89379e3375727,3,4,17,1,2,0.5196400216842526,0.0002513909440491,-1,-0.0088246338917636,2,0.0961946000156521,2,0.1173501872752908,1,1,0,1,1,0,0,0,0
0f6992119fc759c4,3,4,4,1,9,0.0660328831046773,0.9896811794601964,9,0.2710005940874,-1,-0.2643831589875029,9,0.46256183592159,1,1,0,0,1,1,0,0,0
147b934bc401590e,3,4,18,1,1,0.1563545786358181,0.9893352683567442,1,0.2152821388562722,1,0.0815282880562643,1,0.1313914907241175,1,1,0,1,1,0,0,0,0
1f19613acc175257,3,4,17,0,3,0.2000326452355238,-0.0001153716588855,3,0.1883376225459151,3,0.035730392381289,3,0.1752376977508551,1,0,0,1,1,0,0,0,0
28a9f1a2abfe555c,3,4,4,1,0,0.1565967492322981,0.0001118290149955,0,0.2151327464931315,-1,-0.10299015260693,0,0.3080466324141747,1,1,0,0,1,1,0,0,0
59d1bd367a965623,3,4,19,1,9,0.3956876854675589,0.0002097983349114,9,0.067640191703792,9,0.1120446376519186,9,0.1021756029119951,1,1,0,1,1,0,0,0,0
86abbd3f53575fd5,3,4,17,1,9,0.047458457586582,1.9791943842181936,9,0.2824589518007701,-1,-0.1090851070989278,9,0.3138818489134495,1,1,0,0,1,1,0,0,0
8ad88f000c1750a0,3,4,17,1,9,0.0871011249793017,-0.0005808805376524,9,0.2580038286393344,-1,-0.122229190155585,9,0.3264657936206238,1,0,0,0,1,0,0,0,0
b183aa1eebac52fc,3,4,17,1,7,0.1376034804178827,0.0001314637799514,7,0.2268494840045959,-1,-0.0152270552007408,7,0.2240235811043705,1,1,0,0,1,1,0,0,0
e06dab45945a571c,3,4,17,1,-1,,,-1,,-1,,-1,,0,0,0,0,0,0,0,0,0
15c64c983b935d86,3,4,5,1,-1,,,-1,,-1,,-1,,0,0,0,0,0,0,0,0,0
1fad9f3e334d5e4e,3,4,16,0,3,0.0841944703083496,-5.923158902421122e-05,3,0.2597969117651926,3,0.042947094817836,3,0.168328536873053,1,0,0,1,1,0,0,0,0
2d79aaf4c8d6582e,3,4,9,1,21,0.0393558657693903,0.0,21,0.2874573510974999,-1,-0.0193493412622017,21,0.2279701949260403,1,0,0,0,1,0,0,0,0
3d5f4f15e1f053cd,3,4,4,1,-1,,,-1,,-1,,-1,,0,0,0,0,0,0,0,0,0
4f547ba1d6e953b1,3,4,17,0,3,0.0965188241437179,-4.712445205079519e-05,3,0.2521941541620452,3,0.0346314309849554,3,0.1762898266355533,1,0,0,1,1,0,0,0,0
57a59636cde25b02,3,4,10,1,2,0.3003703531729843,1.5957976206366964,2,0.126440400014482,-1,-0.0164681009664449,2,0.2252117393979065,1,1,0,0,1,1,0,0,0
77d52cd328e05b79,3,4,6,0,12,0.2025715040412954,-0.0012133296082392,12,0.1867714286223437,-1,-0.1367753278304477,12,0.3403920440417748,1,0,0,0,1,0,0,0,0
7c467941fb3d5524,3,4,11,1,19,0.0205142260771262,0.0,19,0.2990805502801648,-1,-0.0306665329502364,19,0.2388051016919855,1,0,0,0,1,0,0,0,0
855d4a2e69115db2,3,4,1,0,-1,,,-1,,-1,,-1,,0,0,0,0,0,0,0,0,0
949849ded44f514f,3,4,5,1,-1,,,-1,,-1,,-1,,0,0,0,0,0,0,0,0,0
a74ab03d0fb05d72,3,4,12,0,-1,,,-1,,-1,,-1,,0,0,0,0,0,0,0,0,0
c0815ea46b825526,3,4,12,0,-1,,,-1,,-1,,-1,,0,0,0,0,0,0,0,0,0
cfdc02dc40405e6f,3,4,2,1,9,0.3349356557440434,2.019834518898582,9,0.1051174470680115,9,0.0409717846777438,9,0.1702196686831073,1,1,0,1,1,0,0,0,0
de3c0c52e7815332,3,4,1,1,22,0.802083150890449,3.1496425274491777,-1,-0.1830606771532551,22,1.2011541698190578,-1,-0.9405212572471692,1,1,0,1,0,0,0,1,0
f26eb5a6f93c50b4,3,4,16,1,17,0.2173821609332621,0.0022419899821281,17,0.1776348981561488,-1,-0.0533941909870651,17,0.2605642149619038,1,1,0,0,1,1,0,0,0
f28c5026aff854cb,3,4,26,1,22,0.1652665989126248,0.92972289563152,22,0.2097844120931496,22,0.1326387419101725,22,0.0824591214988324,1,1,0,1,1,0,0,0,0
faf93d61f8bd5238,3,4,18,0,24,0.0687673816029543,-9.455366143940049e-05,24,0.2693137122008294,-1,-0.0282498058848486,24,0.2364913640480523,1,0,0,0,1,0,0,0,0
073ef4e9c6185fdd,3,4,2,1,-1,,,-1,,-1,,-1,,0,0,0,0,0,0,0,0,0
09884abf58435aaa,3,4,17,1,9,0.0662185506198301,-0.0006670752685522,9,0.2708860578503411,-1,-0.1088987233641279,9,0.3137034079675936,1,0,0,0,1,0,0,0,0
10e0d0cf52855491,3,4,9,1,20,0.4207007276874806,-4.381986407098193e-05,20,0.052209922542774,20,0.0929131057878023,20,0.1204918398152341,1,0,0,1,1,0,0,0,0
1fc485893db05d58,3,4,4,0,-1,,,-1,,-1,,-1,,0,0,0,0,0,0,0,0,0
21870d2397795423,3,4,24,0,20,0.1069096550537814,0.0,20,0.245784165471377,-1,-0.0004074540103968,20,0.2098355208830674,1,0,0,0,1,0,0,0,0
538923756bab555f,3,4,17,1,9,0.0328951715535917,0.0007085304721989,9,0.2914428819193928,-1,-0.0904901082397617,9,0.296079280528491,1,1,0,0,1,1,0,0,0
5a67404157535f5b,3,4,1,0,-1,,,-1,,-1,,-1,,0,0,0,0,0,0,0,0,0
7476e5ad4711587f,3,4,9,0,3,0.0699899557803309,-9.649557229707284e-05,3,0.2685595197095535,-1,-0.128480777503534,3,0.3324509680279641,1,0,0,0,1,0,0,0,0
7fb1a51c02db514e,3,4,18,1,-1,,,-1,,-1,,-1,,0,0,0,0,0,0,0,0,0
82bcaf16eea459db,3,4,24,1,1,0.0616066396810389,-0.0001157444000244,1,0.2737310947117715,1,0.0315744395920484,1,0.1792165435843758,1,0,0,1,1,0,0,0,0
899c5ed91b8c5beb,3,4,17,1,-1,,,-1,,-1,,-1,,0,0,0,0,0,0,0,0,0
9857fe6079dc5b65,3,4,16,1,9,0.1521741271094596,0.0003742047014063,9,0.2178610131770825,-1,-0.0270566908921547,9,0.2353490939457833,1,1,0,0,1,1,0,0,0
9c0c9727fc975d7a,3,4,4,1,-1,,,-1,,-1,,-1,,0,0,0,0,0,0,0,0,0
a0cbabab4b2c5345,3,4,17,1,-1,,,-1,,-1,,-1,,0,0,0,0,0,0,0,0,0
a370a9747c5e599b,3,4,8,1,1,0.1125066199935203,-1.0564851760864276e-05,1,0.2423314596891044,-1,-0.0469458771792385,1,0.2543906976414164,1,0,0,0,1,0,0,0,0
b0b57e6ca331564e,3,4,12,1,24,0.0220962488230839,0.0,24,0.2981046179415731,24,0.0103765504475025,24,0.1995110794416086,1,0,0,1,1,0,0,0,0
b66edb8535dd5ec1,3,4,11,1,11,0.0966042071103635,-0.0002485304828732,11,0.2521414823540531,11,0.0689730156838059,11,0.1434117170599902,1,0,0,1,1,0,0,0,0
bef88a7c044b5ebe,3,4,29,1,18,0.5154772621046892,0.0008987352035938,-1,-0.0062566735373005,18,0.2192010509949196,-1,-0.0004143133807564,1,1,0,1,0,0,0,1,0
ce41992a83845d8a,3,4,20,1,-1,,,-1,,-1,,-1,,0,0,0,0,0,0,0,0,0
e2022a0506df54c7,3,4,11,1,15,0.303256798039182,0.0,15,0.1246597840937046,15,0.0001753567220596,15,0.209277546774081,1,0,0,1,1,0,0,0,0
f88a28f7b54555ea,3,4,30,1,18,0.1818418476115941,0.0006765377013073,18,0.1995593244533819,18,0.0842407975660231,18,0.1287945754778158,1,1,0,1,1,0,0,0,0
034da27cd2f75292,3,4,1,0,5,0.304640614934026,-0.0041440810557571,5,0.123806122752982,5,0.1060708844805294,5,0.1078947831149075,1,0,0,1,1,0,0,0,0
1088d47284565808,3,4,5,0,-1,,,-1,,-1,,-1,,0,0,0,0,0,0,0,0,0
1a20ae9ff1e05d25,3,4,16,1,25,0.07274087088546,-0.0001797868408029,25,0.2668625105997442,-1,-0.0480674079718401,25,0.2554644341219801,1,0,0,0,1,0,0,0,0
3f51b8b92c3b52cf,3,4,18,1,9,0.3739109692203046,0.0003213510554285,9,0.0810740071583001,-1,-0.0058532184420344,9,0.2150492127169238,1,1,0,0,1,1,0,0,0
452d348a65ac59f3,3,4,11,1,-1,,,-1,,-1,,-1,,0,0,0,0,0,0,0,0,0
4a35d5b02394561e,3,4,17,1,-1,,,-1,,-1,,-1,,0,0,0,0,0,0,0,0,0
4a90f1c8ef895e13,3,4,12,1,2,0.1530308856651394,-0.0002851558105612,2,0.2173324882977851,-1,-0.0612887350055281,2,0.2681223310350046,1,0,0,0,1,0,0,0,0
4cf854e9eadf5084,3,4,2,1,-1,,,-1,,-1,,-1,,0,0,0,0,0,0,0,0,0
54059bb6b643525f,3,4,11,1,24,0.0111269355833754,-0.0005095285788178,24,0.3048714659847676,-1,-0.1679738212024769,24,0.370261005904574,1,0,0,0,1,0,0,0,0
588dbd820a135056,3,4,6,1,3,0.1663461020295316,0.0005023064074397,3,0.2091184785570536,-1,-0.1069971983736938,3,0.3118829169348004,1,1,0,0,1,1,0,0,0
5a0bd184100f54d5,3,4,3,1,-1,,,-1,,-1,,-1,,0,0,0,0,0,0,0,0,0
8eb1c196434e51ec,3,4,10,1,-1,,,-1,,-1,,-1,,0,0,0,0,0,0,0,0,0
95e1e30a438d52cd,3,4,6,1,-1,,,-1,,-1,,-1,,0,0,0,0,0,0,0,0,0
9c5700ab41865a07,3,4,12,1,1,0.1634809305326644,-0.000125082693994,1,0.2108859711715236,-1,-0.0357143189259887,1,0.2436377750202588,1,0,0,0,1,0,0,0,0
aa05025b9a815254,3,4,9,1,-1,,,-1,,-1,,-1,,0,0,0,0,0,0,0,0,0
ac768eabfa5c5725,3,4,12,0,9,0.240029074240532,-9.121100050396568e-05,9,0.1636642677576164,-1,-0.0754259712109991,9,0.2816571054239876,1,0,0,0,1,0,0,0,0
ad963f2915a657a4,3,4,18,1,9,0.3407998694433851,0.0004896600965409,9,0.1014998784810723,9,0.0202637760112859,9,0.1900452004399543,1,1,0,1,1,0,0,0,0
ae1909ec83115e90,3,4,2,1,9,0.1650734353301483,-0.0003600291313676,9,0.2099035725712519,-1,-0.0836276359708594,9,0.2895092542121519,1,0,0,0,1,0,0,0,0
be7fe135f5665966,3,4,7,1,0,0.1693357944237277,0.0062542543325573,0,0.2072741703779249,-1,-0.0243329224704381,0,0.2327413995888408,1,1,0,0,1,1,0,0,0
c7bff0705f645b30,3,4,12,1,3,0.3619219615565519,-1.2310663021650163,3,0.0884698934163049,3,0.0377354922804376,3,0.1733180456796924,1,0,1,1,1,0,1,0,1
de432d7c6c6e57a6,3,4,2,0,-1,,,-1,,-1,,-1,,0,0,0,0,0,0,0,0,0
e8b724310f7054d0,3,4,17,1,-1,,,-1,,-1,,-1,,0,0,0,0,0,0,0,0,0
ed9b2d124d9d5f5d,3,4,16,1,-1,,,-1,,-1,,-1,,0,0,0,0,0,0,0,0,0
ee0f338b4ebe5cb4,3,4,6,1,-1,,,-1,,-1,,-1,,0,0,0,0,0,0,0,0,0
f2a1763371075e21,3,4,14,0,-1,,,-1,,-1,,-1,,0,0,0,0,0,0,0,0,0
fe394302690d5074,3,4,16,1,-1,,,-1,,-1,,-1,,0,0,0,0,0,0,0,0,0
3acad4250aca5326,3,4,12,1,23,0.1064943923618443,0.0010598421217871,23,0.2460403364342203,23,0.073914918076537,23,0.1386804150596668,1,1,0,1,1,0,0,0,0
418e74ddfb5f5ca0,3,4,12,0,5,0.0190824957562154,-0.0027785253122454,5,0.29996376888362,-1,-0.0019308785155407,5,0.2112940242762405,1,0,0,0,1,0,0,0,0
43f8bc12d54d5cef,3,4,2,1,-1,,,-1,,-1,,-1,,0,0,0,0,0,0,0,0,0
479da12f5f165e29,3,4,17,1,-1,,,-1,,-1,,-1,,0,0,0,0,0,0,0,0,0
4d6b64ad777d51e8,3,4,8,1,9,0.1338223052648577,-0.0003549737431109,9,0.2291820491457389,-1,-0.1100027373411712,9,0.3147603741160252,1,0,0,0,1,0,0,0,0
5c0a063437415679,3,4,6,1,-1,,,-1,,-1,,-1,,0,0,0,0,0,0,0,0,0
7defa49de9415496,3,4,5,1,9,0.0461323753535338,-0.000493478185098,9,0.2832769972670381,-1,-0.1835721167871113,9,0.3851945762660139,1,0,0,0,1,0,0,0,0
a849c65f124e5af0,3,4,21,1,-1,,,-1,,-1,,-1,,0,0,0,0,0,0,0,0,0
baef81dee84a5ff1,3,4,7,0,9,0.0800382702471463,-0.0007031749175715,9,0.262360825625312,-1,-0.1131702757630834,9,0.3177929271048778,1,0,0,0,1,0,0,0,0
bce79a86a0b75d48,3,4,3,0,20,0.2110831200213195,-0.9901073702458292,20,0.181520706842392,-1,-0.112325477415862,20,0.3169841300481093,1,0,1,0,1,0,0,0,1
d1faaed55b75587c,3,4,2,0,-1,,,-1,,-1,,-1,,0,0,0,0,0,0,0,0,0
faf6056c372e54f2,3,4,8,1,2,0.1794230692875083,1.246183863767609,2,0.2010514420556044,-1,-0.0317533079034116,2,0.2398455634618138,1,1,0,0,1,1,0,0,0
fb0869a379e05f37,3,4,14,1,21,0.0944327000451346,-0.0005006849899888,21,0.2534810610509158,-1,-0.1548490350416768,21,0.3576955357512685,1,0,0,0,1,0,0,0,0
054033a129155c88,3,4,9,1,1,0.1640087550507574,3.994131535741196,1,0.2105603620627895,-1,-0.0746756106064754,1,0.2809387216221608,1,1,0,0,1,1,0,0,0
188773ba51c15df2,3,4,15,1,3,0.6043913756965275,0.0007397349080302,-1,-0.061106807034564,3,0.1643757320116282,3,0.0520746110778806,1,1,0,1,1,0,0,0,0
2796d5f962875a20,3,4,14,1,9,0.1171554864034826,1.657555662096244e-05,9,0.2394636254061477,-1,-0.0222057434712014,9,0.2307048708486256,1,1,0,0,1,1,0,0,0
2840205769d65c01,3,4,1,0,-1,,,-1,,-1,,-1,,0,0,0,0,0,0,0,0,0
2e5568e60278518f,3,4,16,1,-1,,,-1,,-1,,-1,,0,0,0,0,0,0,0,0,0
3d35dcf889f65305,3,4,14,1,-1,,,-1,,-1,,-1,,0,0,0,0,0,0,0,0,0
3effd9932b505526,3,4,4,1,9,0.0168672358755384,-0.0005002665493637,9,0.301330338208531,-1,-0.1571845949125045,9,0.3599315651607072,1,0,0,0,1,0,0,0,0
4f1e4809df7255cd,3,4,3,1,9,0.1159610912063854,-0.0004685123638249,9,0.2402004345960814,-1,-0.1457527667620992,9,0.3489869071935805,1,0,0,0,1,0,0,0,0
5db6ae467e8f530f,3,4,1,0,-1,,,-1,,-1,,-1,,0,0,0,0,0,0,0,0,0
5e6ab34948a9514f,3,4,15,1,2,0.4339535235807815,0.0020171442691236,2,0.0440344193004376,2,0.1139314184579798,2,0.1003692277365122,1,1,0,1,1,0,0,0,0
6004adf688695a08,3,4,17,0,9,0.2851985341042844,-0.0001960927274078,9,0.1357997274339132,-1,-0.0402333435452654,9,0.2479642202880051,1,0,0,0,1,0,0,0,0
637d23f7438f50f6,3,4,17,1,9,0.143634935506948,0.0003521821435541,9,0.2231287460536262,-1,-0.1107090397707733,9,0.3154365772929485,1,1,0,0,1,1,0,0,0
6a35a43b5e295b97,3,4,16,1,3,0.0900197638250282,9.041018076239028e-05,3,0.2562033526085742,3,0.0284036344116014,3,0.1822522241180405,1,1,0,1,1,0,0,0,0
2a89f35c7f5e55de,4,0,15,1,3,0.128003345304495,-6.618811858352279e-05,3,0.104306057411502,3,0.0050420542307714,3,0.1302242144638891,1,0,0,1,1,0,0,0,0
35695122c3535595,4,0,12,0,-1,,,-1,,-1,,-1,,0,0,0,0,0,0,0,0,0
5d0c2052e0a35e3f,4,0,17,1,24,0.3933365480036064,0.0017037782690954,24,0.1583478828805216,24,0.1694419841831515,24,0.1129780521594744,1,1,0,1,1,0,0,0,0
62f95fe3004d54c9,4,0,3,1,26,0.0740367640274621,0.000285601210594,26,0.0933143965983608,-1,-0.0621414392142303,26,0.137272012066149,1,1,0,0,1,1,0,0,0
6a35bb3d0b895433,4,0,24,1,22,0.3630140261194227,0.003396335945744,22,0.1521719334751098,22,0.1135230679593782,22,0.1188441538382373,1,1,0,1,1,0,0,0,0
761122460ac451ca,4,0,28,1,17,0.1083005661778264,0.0023181671525582,17,0.1002930875306631,17,0.0389519480936803,17,0.1266669408479295,1,1,0,1,1,0,0,0,0
8a15e547b0d15f42,4,0,5,1,26,0.0700175343014619,-0.0002700675501488,26,0.0924957786901501,-1,-0.0654459178103735,26,0.1376186641250462,1,0,0,0,1,0,0,0,0
9c925a1f1799553e,4,0,2,1,9,0.0715993527754964,-0.9899525742542464,9,0.0928179560770276,-1,-0.0293689664050079,9,0.133834058136676,1,0,1,0,1,0,0,0,1
b7cc1a0b6eca5a11,4,0,4,1,9,0.1552360316234425,-0.9898243386149406,9,0.1098526835635635,-1,-0.0554451186692776,9,0.136569543208686,1,0,1,0,1,0,0,0,1
0dd2b9715fc65e18,4,0,14,1,10,0.142210095367837,-9.228003919126147e-05,10,0.1071996218037268,10,0.0307674244483199,10,0.1275255277294026,1,0,0,1,1,0,0,0,0
6281e79a633155a3,4,0,12,1,24,0.1664265637507269,0.0014172612654294,24,0.112131918796758,-1,-0.1190894877100937,24,0.1432460735366364,1,1,0,0,1,1,0,0,0
16549991ac4b53ff,4,0,16,1,-1,,,-1,,-1,,-1,,0,0,0,0,0,0,0,0,0
254e4f21f68554f1,4,0,18,1,21,0.1547909017455164,-0.0001187025191262,21,0.1097620215923921,-1,-0.0058582575061902,21,0.1313676975872627,1,0,0,0,1,0,0,0,0
2bdb803d07605094,4,0,6,1,23,0.1388094605003039,-0.0001160842318087,23,0.1065069964024366,23,0.0103590994045871,23,0.1296664367076936,1,0,0,1,1,0,0,0,0
3d78c0894c67503b,4,0,17,1,19,0.1528594000460052,-6.056209513917443e-06,19,0.1093686223620045,19,0.0235328833703426,19,0.1282844579166897,1,0,0,1,1,0,0,0,0
4d104d17dc625c04,4,0,8,1,26,0.1951092553337246,-0.0004376932598653,26,0.1179738752377235,26,0.025733415336704,26,0.1280536139530766,1,0,0,1,1,0,0,0,0
70f797bbed2158f6,4,0,17,0,-1,,,-1,,-1,,-1,,0,0,0,0,0,0,0,0,0
83af8eb803795f59,4,0,16,1,-1,,,-1,,-1,,-1,,0,0,0,0,0,0,0,0,0
953f6386bfae55d0,4,0,18,1,17,0.3166235623280228,7.98645019531221e-06,17,0.1427233408295649,17,0.148471843341058,17,0.1151778976984228,1,1,0,1,1,0,0,0,0
b39ff897a8695a97,4,0,18,1,11,0.3074438146314735,-0.0001397995856908,11,0.1408536527625606,11,0.2224824241440709,11,0.1074139133150811,1,0,0,1,1,0,0,0,0
d5ef40ff0f715517,4,0,26,1,27,0.116301684390159,-7.741929963334115e-06,27,0.1019227178580752,27,0.0058382958580202,27,0.1301406857644484,1,0,0,1,1,0,0,0,0
da9bf29b3087547f,4,0,17,0,12,0.265058934822036,-0.0006733096577692,12,0.132220898723917,12,0.0091167833330104,12,0.1297967602705443,1,0,0,1,1,0,0,0,0
eb02028413fb5a92,4,0,16,1,9,0.1707466036076085,-0.000601498145051,9,0.1130118043052051,-1,-0.1187558026421117,9,0.1432110687355842,1,0,0,0,1,0,0,0,0
ec65e8cddb3d5fbd,4,0,19,1,23,0.1314913061089589,-7.281030565500259e-05,23,0.1050164689511063,-1,-0.0098205724003599,23,0.1317833591133099,1,0,0,0,1,0,0,0,0
f2c4bbcda8c650a3,4,0,11,1,26,0.150082631756629,-0.0006146780819484,26,0.1088030631868396,-1,-0.0997123239404619,26,0.141213337199905,1,0,0,0,1,0,0,0,0
f53a6e7af3825751,4,0,16,1,3,0.1406077762302769,-2.8481406136426912e-05,3,0.1068732689376067,3,0.028827963955312,3,0.1277289843273166,1,0,0,1,1,0,0,0,0
f53af77bf6fa5703,4,0,1,1,-1,,,-1,,-1,,-1,,0,0,0,0,0,0,0,0,0
0be5fd7a2dbb5d87,4,0,14,1,-1,,,-1,,-1,,-1,,0,0,0,0,0,0,0,0,0
25c67c9a53ef53ce,4,0,4,1,22,0.1047803050411713,0.0020756234128028,22,0.0995760972105024,22,0.016948839034077,22,0.128975148583502,1,1,0,1,1,0,0,0,0
90efa9d50cc8521e,4,0,1,1,-1,,,-1,,-1,,-1,,0,0,0,0,0,0,0,0,0
ac7fee08538b5bb0,4,0,13,1,24,0.051811720665278,0.0,24,0.0887877037374505,-1,-0.0324764847716843,24,0.1341600483371048,1,0,0,0,1,0,0,0,0
c4292750158e5a5f,4,0,3,1,6,0.1879055889416699,0.9762204023627216,6,0.1165066661665018,6,0.0400515687719335,6,0.1265515865610029,1,1,0,1,1,0,0,0,0
cae918485e635e35,4,0,14,0,-1,,,-1,,-1,,-1,,0,0,0,0,0,0,0,0,0
4b308d5a04d05498,4,0,17,1,-1,,,-1,,-1,,-1,,0,0,0,0,0,0,0,0,0
8fba4b45daa85b15,4,0,19,1,-1,,,-1,,-1,,-1,,0,0,0,0,0,0,0,0,0
c9a1d813d64c52d1,4,0,4,0,15,0.1807867626130011,0.0,15,0.1150567369224996,15,0.0506451228352458,15,0.1254402834551597,1,0,0,1,1,0,0,0,0
e747e181d08758c8,4,0,13,1,-1,,,-1,,-1,,-1,,0,0,0,0,0,0,0,0,0
f6db13314100532b,4,0,13,1,-1,,,-1,,-1,,-1,,0,0,0,0,0,0,0,0,0
0fb7d56584065e6f,4,0,27,1,21,0.4537955328428287,0.0021822822965567,21,0.1706618860790603,21,0.1275270206969095,21,0.1173750872645181,1,1,0,1,1,0,0,0,0
2abb6fcc99585318,4,0,20,1,-1,,,-1,,-1,,-1,,0,0,0,0,0,0,0,0,0
32b190836fd35675,4,0,7,1,17,0.079477254793465,4.21013753162695e-05,17,0.0944224903063901,17,0.0180029459467494,17,0.1288645688593657,1,1,0,1,1,0,0,0,0
48428a15cb2d56c8,4,0,5,0,-1,,,-1,,-1,,-1,,0,0,0,0,0,0,0,0,0
4d08ab0578415b3b,4,0,6,1,-1,,,-1,,-1,,-1,,0,0,0,0,0,0,0,0,0
58c0557c53635354,4,0,6,1,-1,,,-1,,-1,,-1,,0,0,0,0,0,0,0,0,0
58e646ea48eb59d3,4,0,18,1,22,0.4074574322979462,0.0003097406474874,22,0.1612239585346052,22,0.1465894508607216,22,0.1153753676501795,1,1,0,1,1,0,0,0,0
9d7dd692cec75a40,4,0,17,1,6,0.071384509950986,-0.0009404101041611,6,0.0927741978955888,-1,-0.0304778591653025,6,0.1339503850993929,1,0,0,0,1,0,0,0,0
ad4b812be67052a1,4,0,27,1,23,0.0325772326487126,0.0001918116681274,23,0.0848701131992021,23,0.0462037771613088,23,0.1259061970864181,1,1,0,1,1,0,0,0,0
de3f8268d1675268,4,0,10,0,21,0.0976422817968061,0.0,21,0.0981222580285165,21,0.0009991315725146,21,0.1306483320433107,1,0,0,1,1,0,0,0,0
f110d20f7a7957b7,4,0,17,1,6,0.1105924586426505,-9.978644736091669e-06,6,0.1007598894661835,-1,-0.0184958618154005,6,0.1326934291439534,1,0,0,0,1,0,0,0,0
4fc4718214135eee,4,0,12,1,9,0.0541645163273681,0.989265655384527,9,0.0892669101512785,-1,-0.1402151715236243,9,0.1454622361100963,1,1,0,0,1,1,0,0,0
5d64681dd478516a,4,0,27,1,-1,,,-1,,-1,,-1,,0,0,0,0,0,0,0,0,0
629734efb5f5564c,4,0,20,1,10,0.1707049247538192,0.0004178750086341,10,0.1130033153512434,-1,-0.0038629584993671,10,0.1311583833221808,1,1,0,0,1,1,0,0,0
69244009b6eb50bf,4,0,13,1,17,0.1097213710752178,-4.581917114554468e-05,17,0.1005824704254885,-1,-0.0402898294923072,17,0.1349796971729117,1,0,0,0,1,0,0,0,0
908340fb165954b2,4,0,14,1,-1,,,-1,,-1,,-1,,0,0,0,0,0,0,0,0,0
9229af9b7f1c5848,4,0,17,1,-1,,,-1,,-1,,-1,,0,0,0,0,0,0,0,0,0
beeb2d538d7f53d8,4,0,18,1,3,0.0430880762643704,0.0002613140884786,3,0.0870109126560031,-1,-0.0164534009519335,3,0.1324791674252169,1,1,0,0,1,1,0,0,0
fbd37ced14a15418,4,0,17,1,7,0.0984733013656512,0.0001307986882864,7,0.0982915162067016,-1,-0.0126557727539727,7,0.1320807821443179,1,1,0,0,1,1,0,0,0
ff54f555627f5338,4,0,14,1,9,0.1177941764125057,-0.0005246792767196,9,0.1022267016511516,-1,-0.107321451667574,9,0.1420115629157846,1,0,0,0,1,0,0,0,0
052f0d46a5c059a1,4,0,12,1,0,0.4183251706955458,0.0031051245564599,0,0.1634374486510006,0,0.0003605234502299,0,0.1307153244035205,1,1,0,1,1,0,0,0,0
0af516a5b2725ac6,4,0,12,0,23,0.0709406999446695,-0.0001615021092407,23,0.0926838047496923,-1,-0.1201654302039345,23,0.1433589438942112,1,0,0,0,1,0,0,0,0
103c7d249ab154af,4,0,17,1,9,0.1677078769076613,0.9936651484772564,9,0.1123928906664442,9,0.0045686852374808,9,0.130273872626703,1,1,0,1,1,0,0,0,0
30c657863dc05485,4,0,9,1,2,0.163778539191512,2.020336450465309,2,0.1115925815422756,-1,-0.0512401904187939,2,0.1361284306418664,1,1,0,0,1,1,0,0,0
431f7c6b100d5249,4,0,8,1,21,0.2740727649917469,-9.228673037142698e-05,21,0.1340567934852345,21,0.0352705901848053,21,0.1270531289443325,1,0,0,1,1,0,0,0,0
4ace61964e9f5b4b,4,0,5,1,-1,,,-1,,-1,,-1,,0,0,0,0,0,0,0,0,0
5098ce6b12fa5143,4,0,9,1,-1,,,-1,,-1,,-1,,0,0,0,0,0,0,0,0,0
52092728a1c1574f,4,0,17,1,-1,,,-1,,-1,,-1,,0,0,0,0,0,0,0,0,0
58f2e39eebc65d24,4,0,9,1,0,0.0769163507807695,0.0098007870477623,0,0.0939008973572636,-1,-0.0208208741807864,0,0.132937331563041,1,1,0,0,1,1,0,0,0
5a917f5bb8815bd0,4,0,2,1,7,0.1667378500895651,0.2376334074385464,7,0.1121953201420222,-1,-0.0065937817897573,7,0.1314448568121901,1,1,0,0,1,1,0,0,0
6429eb85b6ba5938,4,0,17,1,6,0.427585689576039,-4.805480735781131e-05,6,0.1653235878148945,6,0.0438010236360466,6,0.1261582548414681,1,0,0,1,1,0,0,0,0
6b416b289a3b5858,4,0,16,1,6,0.3068556440334356,-0.0001057195663918,6,0.1407338569266764,6,0.1521823832795071,6,0.1147886482989003,1,0,0,1,1,0,0,0,0
6e9b901524355c0b,4,0,21,1,21,0.1354023504874981,-0.0001405817615636,21,0.1058130521738487,-1,-0.0381993785051661,21,0.1347604011122375,1,0,0,0,1,0,0,0,0
8834fc612e1d524c,4,0,8,1,-1,,,-1,,-1,,-1,,0,0,0,0,0,0,0,0,0
9ddade724a6a54e2,4,0,16,1,3,0.0100307320304085,0.9292438401492256,3,0.0802779474281762,3,0.0231269964201101,3,0.1283270369629398,1,1,0,1,1,0,0,0,0
a5fc167ac3e45fec,4,0,17,0,0,0.0078568709522654,-0.0001269786208872,0,0.0798351855733317,-1,-0.030702146082059,0,0.1339739136286949,1,0,0,0,1,0,0,0,0
bcb7ec6d46f45180,4,0,17,0,4,0.0161957322337677,-0.0002300234297289,4,0.0815336058290746,-1,-0.0162426740237946,4,0.132457061389006,1,0,0,0,1,0,0,0,0
c25f5ca801be5075,4,0,4,0,8,0.0834204205911207,-1.538959369074e-05,8,0.0952256158695107,-1,-0.037560195951918,8,0.1346933484920895,1,0,0,0,1,0,0,0,0
d0da55bb38fb5e83,4,0,3,1,5,0.0313879582296267,0.0001831561706144,5,0.084627887349074,5,0.043281504001932,5,0.1262127543776471,1,1,0,1,1,0,0,0,0
e056339b5ad457ea,4,0,17,0,4,0.014223174556874,-1.9974818360246616e-05,4,0.0811318445092779,-1,-0.0180470026837422,4,0.1326463421565159,1,0,0,0,1,0,0,0,0
03a7c978d0165fa2,4,0,20,1,-1,,,-1,,-1,,-1,,0,0,0,0,0,0,0,0,0
102e8bfe5f555974,4,0,19,1,22,0.181335571001979,-2.479011844847001e-05,22,0.1151685156477831,22,0.0221771331477028,22,0.1284266811426404,1,0,0,1,1,0,0,0,0
11579a9c240a5c77,4,0,17,1,-1,,,-1,,-1,,-1,,0,0,0,0,0,0,0,0,0
1c8a733cea4d5aed,4,0,28,1,11,0.3064990305889103,0.0014269439846277,11,0.1406612235685709,11,0.0764000252896651,11,0.1227384986795096,1,1,0,1,1,0,0,0,0
1ed95e82b4f754ff,4,0,4,1,-1,,,-1,,-1,,-1,,0,0,0,0,0,0,0,0,0
2067e26ac57b5302,4,0,1,0,5,0.101678289322867,-0.0001615822235704,5,0.0989442931605553,5,0.0315396859317696,5,0.1274445146359732,1,0,0,1,1,0,0,0,0
25f5f0c57aea54b9,4,0,21,1,-1,,,-1,,-1,,-1,,0,0,0,0,0,0,0,0,0
2b3f24482a765ccc,4,0,5,1,-1,,,-1,,-1,,-1,,0,0,0,0,0,0,0,0,0
330fd7f2e3aa5f55,4,0,26,1,19,0.100230714144779,5.4576332867145496e-05,19,0.0986494578201918,19,0.0147085041553021,19,0.1292101680202304,1,1,0,1,1,0,0,0,0
3a46193d097552cd,4,0,16,1,9,0.2475115152844104,0.0008605283550969,9,0.1286469224011747,-1,-0.0669686211351056,9,0.1377784013505268,1,1,0,0,1,1,0,0,0
4b7fb448a9f35a56,4,0,18,1,-1,,,-1,,-1,,-1,,0,0,0,0,0,0,0,0,0
642e382b50db5133,4,0,17,1,9,0.0501590854568792,0.9895227806188628,9,0.0884511027294058,-1,-0.1556294972892087,9,0.1470792560446144,1,1,0,0,1,1,0,0,0
669d54218ee75215,4,0,2,1,1,0.0331137064146315,3.765455192187791e-05,1,0.0849793796661636,-1,-0.0034915118261711,1,0.1311194171887084,1,1,0,0,1,1,0,0,0
6715d16e80075f55,4,0,12,1,3,0.1644410899437026,-0.0001784819283985,3,0.1117275267799994,-1,-0.0277123387592784,3,0.1336602717532846,1,0,0,0,1,0,0,0,0
8c7421c1a39954dc,4,0,1,1,-1,,,-1,,-1,,-1,,0,0,0,0,0,0,0,0,0
8e92f84a71e85b42,4,0,9,1,-1,,,-1,,-1,,-1,,0,0,0,0,0,0,0,0,0
9389f1437d2b5fad,4,0,12,1,0,0.1132243585578667,5.547304395592256e-05,0,0.1012959425286091,-1,-0.0358703739613026,0,0.1345160798988233,1,1,0,0,1,1,0,0,0
9f109cfcd3695a7c,4,0,18,1,-1,,,-1,,-1,,-1,,0,0,0,0,0,0,0,0,0
ac264ca2d43c52a7,4,0,25,1,-1,,,-1,,-1,,-1,,0,0,0,0,0,0,0,0,0
d7018055ca4b5f66,4,0,17,0,-1,,,-1,,-1,,-1,,0,0,0,0,0,0,0,0,0
ddcdcbbd930d5cd4,4,0,1,0,-1,,,-1,,-1,,-1,,0,0,0,0,0,0,0,0,0
e7e3b8bf23835b2a,4,0,3,1,16,0.0603552881913881,6.682571023874928e-06,16,0.0905278176034577,-1,-0.024175755054516,16,0.1332892710077663,1,1,0,0,1,1,0,0,0
eae558be27b1587b,4,0,6,1,7,0.0562958634237197,-0.2252352770328521,7,0.0897010129571966,7,0.00038703219674,7,0.1307125435377079,1,0,0,1,1,0,0,0,0
ffb77fcdc4bd5e37,4,0,13,1,-1,,,-1,,-1,,-1,,0,0,0,0,0,0,0,0,0
07f8bf05fc975975,4,0,1,0,1,0.0848350194252524,-7.274440014737316e-05,1,0.095513734742404,-1,-0.0407639763487699,1,0.1350294369364569,1,0,0,0,1,0,0,0,0
0fdd878a393d502e,4,0,2,0,-1,,,-1,,-1,,-1,,0,0,0,0,0,0,0,0,0
2b32a9f406845f75,4,0,12,0,2,0.0034219581389365,-3.806486467696913,2,0.0789319032785032,2,0.090896734826775,2,0.1212177400902002,1,0,1,1,1,0,1,0,1
2c9450a5449e52fa,4,0,9,1,6,0.0352407520243091,-0.0005310452297329,6,0.0854126063653988,6,0.0819377718069973,6,0.1221575685339415,1,0,0,1,1,0,0,0,0
447b5889e4005e16,4,0,5,0,-1,,,-1,,-1,,-1,,0,0,0,0,0,0,0,0,0
5465043a8ae85d79,4,0,2,1,9,0.2690886366362399,0.9894966626687548,9,0.1330416495380635,-1,-0.0588954353074498,9,0.1369314942190105,1,1,0,0,1,1,0,0,0
613662b53d9a5ae7,4,0,12,1,-1,,,-1,,-1,,-1,,0,0,0,0,0,0,0,0,0
66da55b392b45a5d,4,0,21,1,17,0.1806756273563497,0.0001668158262966,17,0.1150341014133273,17,0.1235992674374991,17,0.1177871231469124,1,1,0,1,1,0,0,0,0
78823d4302645d60,4,0,12,1,-1,,,-1,,-1,,-1,,0,0,0,0,0,0,0,0,0
7a1756cf8f7a566e,4,0,13,1,2,0.3735332769637671,-0.002361465603113,2,0.1543144452769199,2,0.3118281848659253,2,0.0980412116900449,1,0,0,1,1,0,0,0,0
7c8389cb32f25aed,4,0,10,1,1,0.2603238397963863,1.7302572846444375,1,0.1312564767203672,-1,-0.0437621792342491,1,0.1353439595375281,1,1,0,0,1,1,0,0,0
80bebabe4c6f5627,4,0,14,1,9,0.1118967726713505,-0.0004784055048858,9,0.1010255460458304,-1,-0.1048227280729301,9,0.1417494375445659,1,0,0,0,1,0,0,0,0
b16054ccc4bd54f9,4,0,11,1,1,0.245862366966942,1.8926528397743596,1,0.1283110315867626,-1,-0.0456007185973336,1,0.1355368291346623,1,1,0,0,1,1,0,0,0
b3734dd3dc905040,4,0,16,1,-1,,,-1,,-1,,-1,,0,0,0,0,0,0,0,0,0
b3c270be7e145adc,4,0,10,1,14,2.874996171380168,-1.2199467135749755,14,0.6638007055041344,14,2.201219381863515,-1,-0.1001629313980406,1,0,1,1,0,0,1,0,0
b76a132378175658,4,0,17,1,-1,,,-1,,-1,,-1,,0,0,0,0,0,0,0,0,0
c49669e6594c55d7,4,0,24,1,24,0.1745995715304889,-4.205154404068878e-05,24,0.1137965587871467,-1,-0.010842014896883,24,0.131890512219061,1,0,0,0,1,0,0,0,0
d72a6e0e28a159a2,4,0,7,0,5,0.0511620147923316,-0.0113237933923491,5,0.0886553746846414,5,0.4889578183875116,5,0.0794596562750297,1,0,0,1,1,0,0,0,0
da13a4ab1eaf5a07,4,0,17,1,10,0.1802335349999149,4.382104147193644e-05,10,0.1149440581103234,-1,-0.0847685400662855,10,0.1396456788547294,1,1,0,0,1,1,0,0,0
dd2f426104cb5f43,4,0,6,1,-1,,,-1,,-1,,-1,,0,0,0,0,0,0,0,0,0
ea01c4873e9b5cf8,4,0,17,1,9,0.1771561115427936,-0.0001069160800426,9,0.1143172628970888,-1,-0.0517856173744151,9,0.1361856479521449,1,0,0,0,1,0,0,0,0
ea47b3db126a588e,4,0,1,0,-1,,,-1,,-1,,-1,,0,0,0,0,0,0,0,0,0
023f35fd45755497,4,0,11,1,-1,,,-1,,-1,,-1,,0,0,0,0,0,0,0,0,0
07704203d30b5747,4,0,1,0,-1,,,-1,,-1,,-1,,0,0,0,0,0,0,0,0,0
2daba893c5535189,4,0,4,1,-1,,,-1,,-1,,-1,,0,0,0,0,0,0,0,0,0
2f19f98982615f60,4,0,11,0,-1,,,-1,,-1,,-1,,0,0,0,0,0,0,0,0,0
36ba502aa1eb5ecd,4,0,14,0,-1,,,-1,,-1,,-1,,0,0,0,0,0,0,0,0,0
43557bbc55b85aa6,4,0,6,1,-1,,,-1,,-1,,-1,,0,0,0,0,0,0,0,0,0
47cdc9127a1e55a7,4,0,11,1,9,0.0667910640570561,-0.0004928609021008,9,0.091838626324538,-1,-0.1748622937729275,9,0.1490968477176892,1,0,0,0,1,0,0,0,0
49677b3a648b58be,4,0,28,1,-1,,,-1,,-1,,-1,,0,0,0,0,0,0,0,0,0
4a1db4bffda6552f,4,0,16,1,-1,,,-1,,-1,,-1,,0,0,0,0,0,0,0,0,0
671ff8b7146358da,4,0,10,1,20,0.3289768692500041,2.019998709635657,20,0.14523940459336,20,0.0568295727199901,20,0.124791511728148,1,1,0,1,1,0,0,0,0
696a489252f453fb,4,0,3,1,-1,,,-1,,-1,,-1,,0,0,0,0,0,0,0,0,0
69f3980cf2db525c,4,0,16,1,2,0.1138571835349765,-0.0001963694116682,2,0.1014248333595248,-1,-0.0780665342754058,2,0.1389426135938858,1,0,0,0,1,0,0,0,0
6c6d30fe3b6e59f0,4,0,23,1,9,0.0872614959794125,1.0326532647209063e-05,9,0.0960079481356418,9,0.0038421966163505,9,0.1303500839771333,1,1,0,1,1,0,0,0,0
7449973a63d255af,4,0,9,0,-1,,,-1,,-1,,-1,,0,0,0,0,0,0,0,0,0
84130118c5ec5189,4,0,1,0,-1,,,-1,,-1,,-1,,0,0,0,0,0,0,0,0,0
986bd829651151e2,4,0,27,1,-1,,,-1,,-1,,-1,,0,0,0,0,0,0,0,0,0
c1dbec763983596c,4,0,17,0,6,0.0443173906885192,-0.0004926864345327,6,0.0872612936670511,-1,-0.0129196970162158,6,0.1321084687781506,1,0,0,0,1,0,0,0,0
c70954fab4a650c7,4,0,5,0,13,3.516119810400146,-1.233023564266786,13,0.7943817690556519,13,2.5851866495581923,-1,-0.1404425216640654,1,0,1,1,0,0,1,0,0
d8d6c32be32650ad,4,0,7,1,-1,,,-1,,-1,,-1,,0,0,0,0,0,0,0,0,0
deeae175505b5728,4,0,9,1,23,0.8651766032890484,0.0006355421473274,23,0.2544500580234662,23,0.6556884071331995,23,0.0619689992202995,1,1,0,1,1,0,0,0,0
e380b20d49215557,4,0,13,1,-1,,,-1,,-1,,-1,,0,0,0,0,0,0,0,0,0
e4499494731e5026,4,0,9,1,26,0.2215318270182057,0.0005548425547778,26,0.1233555010308387,26,0.7313836667262402,26,0.0540282857845059,1,1,0,1,1,0,0,0,0
ed710413165b5ca4,4,0,10,0,1,0.1204755507993103,-0.0001985852306709,1,0.1027728314425035,-1,-0.1146794504370563,1,0.1427834442727349,1,0,0,0,1,0,0,0,0
f9922d29f7ca5693,4,0,9,1,21,0.1177966351516257,-8.826512694358815e-05,21,0.1022272024356333,-1,-0.0220352413100278,21,0.1330647231781963,1,0,0,0,1,0,0,0,0
fbe3cf848a4c5391,4,0,1,0,2,0.1078436452474513,-0.0046172204494472,2,0.1002000240130886,2,0.0007561199128068,2,0.1306738248675863,1,0,0,1,1,0,0,0,0
fdf3abf3cf375c35,4,0,5,1,-1,,,-1,,-1,,-1,,0,0,0,0,0,0,0,0,0
00f4aedf9b3c5f65,4,0,16,1,21,0.0490956043257411,3.5336512327194085e-05,21,0.0882344978676926,-1,-0.0259936672190096,21,0.1334799767352755,1,1,0,0,1,1,0,0,0
3584e6b997845f86,4,0,27,1,-1,,,-1,,-1,,-1,,0,0,0,0,0,0,0,0,0
3d56147a52d550b3,4,0,17,1,3,0.166780640517493,0.0001904807411134,3,0.1122040354962045,-1,-0.0046824300865426,3,0.1312443489305626,1,1,0,0,1,1,0,0,0
4132da23bf54566f,4,0,17,1,1,0.0398373439906395,0.0012187561772414,1,0.0863488187137584,-1,-0.030328423376472,1,0.1339347087309844,1,1,0,0,1,1,0,0,0
44ae005ad8b25d52,4,0,10,0,-1,,,-1,,-1,,-1,,0,0,0,0,0,0,0,0,0
48ee2a6b3a4b54cc,4,0,8,0,-1,,,-1,,-1,,-1,,0,0,0,0,0,0,0,0,0
49f109b9cca4567a,4,0,8,1,-1,,,-1,,-1,,-1,,0,0,0,0,0,0,0,0,0
4ac48ad526735073,4,0,15,1,1,0.1935467795769919,0.0003725693814456,1,0.1176556374850188,-1,-0.0944365860413526,1,0.1406598927300081,1,1,0,0,1,1,0,0,0
5214a5118acc5d75,4,0,15,1,6,0.0770547692832109,-0.001846320647036,6,0.0939290897903045,6,0.0171631623348896,6,0.128952665274461,1,0,0,1,1,0,0,0,0
55a7c26fd2d35b8e,4,0,16,1,-1,,,-1,,-1,,-1,,0,0,0,0,0,0,0,0,0
5693aed0af7e548c,4,0,5,0,17,0.0663365633702129,-2.020414070067741,17,0.091746055750844,17,0.1480147182263578,17,0.1152258518181346,1,0,1,1,1,0,1,0,1
7418da8c04e85efb,4,0,7,1,1,0.2122064190269177,4.00804797271723,1,0.1214561455564163,-1,-0.0686218840253227,1,0.1379518347585873,1,1,0,0,1,1,0,0,0
