split,scenario_token,teacher_improvement,material_positive,catastrophe,K,proposal_action,rsmr_accept,rsmr_post_value,quality_accept,quality_post_value,plan_control_accept,plan_control_post_value,ego_ref_accept,ego_ref_post_value,sign_nomult_accept,sign_nomult_post_value,sign_mult_accept,sign_mult_post_value,mult_minus_nomult_accept
A,03e15039cc7450ee,0.00033820190047845243,0,0,30,11,1,0.0,0,-0.03820613433708772,0,-0.049540706849123886,1,0.049331192132702845,1,1.2044812014277264,1,1.545750218540019,0
A,07f99c7d4b765fe6,0.0,0,0,13,18,1,0.0,0,-0.09771166926527419,0,-0.09771166926527419,0,-0.09771166926527419,1,0.18449899429117056,1,0.33334771616888026,0
A,090e6c14322e5500,-0.000515383537376124,0,0,28,20,1,0.0,1,0.051394161865672514,1,0.046843722439947416,1,0.10266048572738623,1,1.0667532313238675,1,1.348773675477338,0
A,0da6f095659b56d0,0.0006011936448513389,0,0,27,19,1,0.0,1,0.1005121956380042,1,0.10844190530419645,1,0.08816929444069169,1,0.5382722947494277,1,0.4948706880131385,0
A,12275f7d4b7054e9,-0.940517462410175,0,1,26,6,1,0.0,0,-0.1072339195842285,0,-0.7113656853222535,0,-0.7367112586319987,0,-1.332482243735811,0,-0.9300986800566267,0
A,144ec112052b575b,-3.538523167371751e-05,0,0,25,2,1,0.0,1,0.0765782460612682,1,0.07657212142298764,1,0.07791186635107031,1,0.6530435184703858,1,1.1508158990846844,0
A,172e20372ab95e64,1.7130494302545693e-05,0,0,24,19,1,0.0,0,-0.0346377327996253,0,-0.6162543360182782,0,-0.6005206230818821,0,-0.7263236999017195,0,-0.5688548109122642,0
A,178409cfbf9e5ea6,0.0,0,0,3,21,1,0.0,0,-0.11902274845621852,0,-0.11902274845621852,0,-0.11902274845621852,1,0.12867775126212477,0,-0.7722151611484056,-1
A,1af8e70411175b4d,0.002869263768958241,0,0,29,18,1,0.0,1,0.08417485169190272,1,0.09782686877415593,1,0.18355065908866186,1,1.4592709960169343,1,1.8076313079838608,0
A,1bc2bf89d3ac5189,-0.00012676702125463636,0,0,24,21,1,0.0,0,-0.14195966035441704,0,-0.3190913812235209,0,-0.3234569043059924,0,-0.3413386510338716,0,-0.6006412089969146,0
A,1e7f58264823546f,-0.0005511435244232032,0,0,12,23,1,0.0,0,-0.039408300123516926,1,0.1862097044548445,1,0.19510829465250212,1,0.8893396504228396,1,0.5195217195319446,0
A,201d567d2bab5e66,0.0,0,0,29,17,1,0.0,1,0.0027203209935534826,1,0.0027203209935534826,1,0.0027203209935534826,1,0.4475658472598847,1,1.000855826678592,0
A,204726270e2a5f07,-0.006995789305120681,0,0,16,2,1,0.0,0,-0.05451331371750394,0,-0.03276459388772278,0,-0.07484302124593974,0,-0.03468072808123668,1,0.10851772419799299,1
A,2170ad1c7d1955c8,-0.0007716621518135073,0,0,27,24,1,0.0,0,-0.07968339235466869,1,0.07530478113805568,1,0.09474381291331642,1,0.7306671485339419,1,0.7933034093772253,0
A,2397e6e323445152,-0.00055950678139925,0,0,14,9,1,0.0,0,-0.09748881657041149,1,0.05908725979072173,1,0.09829616908549481,1,0.8648793700909256,1,0.41869184497214584,0
A,23aa042368b05a1e,0.9291745874814689,1,0,23,23,1,0.0,1,0.009032234095414888,0,-0.4950741068604937,0,-0.4880403255809867,0,-0.527830911823665,0,-0.1070173927790361,0
A,253338b7669e54ce,0.0,0,0,30,20,1,0.0,1,0.006194802888276233,1,0.006194802888276233,1,0.006194802888276233,1,0.4566667424565837,1,1.0098943748767628,0
A,2629a49965355a52,-0.00014237542330520223,0,0,23,25,1,0.0,0,-0.0683607333461269,0,-0.010453107724044078,0,-0.0011470701459880273,1,0.46614509000501453,0,-0.4535672682140912,-1
A,28f2e9a8bd0a5c6d,-0.00011742985060259059,0,0,26,23,1,0.0,0,-0.08255721701252242,0,-0.1268490738077414,0,-0.07358442656778191,1,0.6097915284546894,1,1.0582041779395153,0
A,290bb07604a1598f,-0.00039817853979766393,0,0,20,13,1,0.0,0,-0.04700270521464418,1,0.2544533374821037,1,0.33184531252501304,1,1.6432253338114076,1,1.898204654897581,0
A,2d02e05f30f85ee7,-7.229136605928942e-06,0,0,30,0,1,0.0,0,-0.04821050782361508,0,-0.104800575963656,0,-0.10036926026697315,1,0.23550925504963982,1,0.3687096123360558,0
A,308d37e56d105403,0.0,0,0,16,21,1,0.0,0,-0.10667516724609971,0,-0.10667516724609971,0,-0.10667516724609971,1,0.16102042735915734,0,-0.33385061817415784,-1
A,32506188517c5583,0.012817592561617408,0,0,17,9,1,0.0,1,0.08996074971108489,1,0.6952952239626429,1,0.8702731221109921,1,3.514288161334533,1,2.4747233597796363,0
A,33ccc112b55858cb,0.01129817419764012,0,0,18,0,1,0.0,1,0.12701775763803413,0,-0.21073675345533738,0,-0.1633256834649222,1,0.4919637642034662,1,0.09243808235524453,0
A,33e6bf223a0e5b50,-5.869666738433921e-05,0,0,18,4,1,0.0,0,-0.01307544086792517,0,-0.17577323960958152,0,-0.1842472355322525,0,-0.010428089677170571,1,0.3136750483446046,1
A,3591f3fa5f0c5ec4,-0.00010009753331541305,0,0,23,24,1,0.0,0,-0.03279698230036681,1,0.0885393310367002,1,0.1070108607050641,1,0.7743582321665539,0,-0.5694020482641637,-1
A,37d34cdcd4795a3b,-0.00036087010458357716,0,0,18,9,1,0.0,0,-0.07390474805879775,0,-0.0438664012003008,0,-0.00031635575121224946,1,0.7007938541666263,1,0.9161648308337015,0
A,3cf7d536dc255e8b,-1.0221770405660635e-05,0,0,26,1,1,0.0,0,-0.011248492008996362,1,0.02062044057874902,1,0.014615667058644522,1,0.4237570208918928,1,0.8570623367212282,0
A,3f5d8dfb5cde510f,-0.0001217968700024663,0,0,31,19,1,0.0,1,0.00306099094812441,0,-0.016119233152241605,1,0.11987521726864302,1,1.6295026271711897,1,1.9260067420555051,0
A,428603a45b895f32,9.839923866161726e-06,0,0,29,19,1,0.0,0,-0.008268280605064605,0,-0.01483850049280775,0,-0.024189988491691294,1,0.3210578951826042,1,0.8181041019712396,0
A,44ee33c24c925bf8,-0.00012203147856038044,0,0,31,0,1,0.0,0,-0.08685746523399594,0,-0.11281418077150292,0,-0.021117616376243042,1,0.9820098313772513,1,1.447040705008016,0
A,4561526d92705993,-0.0008332379104569554,0,0,25,21,1,0.0,0,-0.09182410426174885,1,0.1268914632398747,1,0.1520872300932582,1,0.8839410500472764,1,0.17629117089612123,0
A,48d2da6595b65b0f,0.18177527866228482,0,0,28,0,1,0.0,0,-0.07165543028342111,0,-0.04764596766471234,0,-0.043054020208827204,1,0.34423540822312926,1,0.6142221584348031,0
A,4ba78363cf935b79,0.0007089000893756303,0,0,29,19,1,0.0,1,0.007548657751313674,1,0.07610850047061594,1,0.12819527393723837,1,1.071431520017373,1,1.5523792407712793,0
A,4fc9935fb6aa5a39,-1.620486978204383e-05,0,0,27,2,1,0.0,0,-0.058726473703998965,0,-0.044570190088726466,0,-0.040799935001972515,1,0.35009973026114705,1,0.759628949947075,0
A,513b358ad3bc58c3,-0.00017764282152055166,0,0,11,9,1,0.0,0,-0.02137925626288303,1,0.08280422364497099,1,0.135101256905307,1,1.07210719169889,1,0.9956987797980967,0
A,51a2561697ba54e1,0.0,0,0,28,19,1,0.0,1,0.014139080476088566,1,0.014139080476088566,1,0.014139080476088566,1,0.47747561121194504,1,1.0544858640120411,0
A,5263987d483a5502,-0.0017779682591557498,0,0,27,7,1,0.0,0,-0.07836141172161168,1,0.2532405268424257,1,0.22097844326640895,1,0.6395210891634271,1,0.936442060077377,0
A,55003887e4d85257,-0.000500579446821939,0,0,26,25,1,0.0,0,-0.0384571406704037,0,-0.00606956283983081,0,-0.007680882933883238,1,0.39302534786922316,1,0.7846894945620482,0
A,57dec334c6c75d5a,0.0,0,0,30,19,1,0.0,0,-0.014831068144974896,0,-0.014831068144974896,0,-0.014831068144974896,1,0.40159256032209945,1,0.6392995125083945,0
A,57ed03577e4d56d4,4.5093494653647426e-05,0,0,26,14,1,0.0,1,0.01021727872205756,1,0.009377062519416678,1,0.011617209331631186,1,0.48556029302206505,1,0.2208231931929725,0
A,5869a5b50c28589d,0.0004477073905058207,0,0,7,7,1,0.0,0,-0.09472591288821926,0,-0.07785020289448204,0,-0.04967973447370289,1,0.4806026695109987,0,-0.892915807047175,-1
A,58cefdb052ef5188,0.0,0,0,17,19,1,0.0,0,-0.034558254641773326,0,-0.034558254641773326,0,-0.034558254641773326,1,0.34992009165683247,1,0.446639475643836,0
A,58da80bc6e5a5e22,-4.1959678157788005e-05,0,0,24,0,1,0.0,0,-0.04833499512352417,0,-0.04744791445758663,1,0.013204221833534167,1,0.8603282078420657,1,1.244981578998347,0
A,5bbaf57640125bfa,0.0,0,0,26,16,1,0.0,0,-0.04258996508863837,0,-0.04258996508863837,0,-0.04258996508863837,1,0.3288822053641528,1,0.906910418777514,0
A,5d658fbbdfea5568,0.0006859854551031219,0,0,24,17,1,0.0,0,-0.03127576986562487,0,-0.052015251572650245,0,-0.007492462148706344,1,0.714911502177691,1,0.9924684980788213,0
A,5ee84eb6edcd5229,-0.00094001401513788,0,0,30,21,1,0.0,0,-0.11449810959511436,0,-0.10186499906020047,0,-0.05985556075974788,1,0.5442022836911039,1,0.6409934220781406,0
A,614cc4b0f714546a,-0.9797627661389647,0,1,29,23,1,0.0,0,-0.05393575816921767,1,0.3081150652573702,1,0.37539898718032694,1,1.6611224553720416,1,2.172087359451468,0
A,68db3037ed28516f,-0.00038091837838294396,0,0,30,3,1,0.0,0,-0.056222952564447634,1,0.5315484480860075,1,0.5430974949102748,1,1.6270809833281255,1,2.060481426967389,0
A,6a4f0be079db5041,0.0009073179010306021,0,0,8,7,1,0.0,1,0.32863860122172406,1,0.36633005262003887,1,0.3655183392164984,1,1.3728599404173614,1,1.2028870620033216,0
A,6bdaede8d0a85f03,0.0,0,0,31,21,1,0.0,0,-0.03241800609779299,0,-0.03241800609779299,0,-0.03241800609779299,1,0.355526158484591,1,0.4522071373001574,0
A,6e650ea27f9e5aad,-2.2838306427002113e-05,0,0,15,2,1,0.0,0,-0.031122065529703244,0,-0.029838570662329963,0,-0.03089605964056056,1,0.352111103218273,0,-0.5477416387409586,-1
A,6e85e0e72bcc5b16,0.0,0,0,19,21,1,0.0,0,-0.05226811798207367,0,-0.05226811798207367,0,-0.05226811798207367,1,0.30353170481482916,1,0.2829587165127313,0
A,70478d3e2da050cf,0.98969708685996,1,0,24,19,1,0.0,0,-0.0386370366209739,1,0.06707449797330145,1,0.08898080649252774,1,0.7572017756040643,1,0.8605638430184279,0
A,72550ba5bba45f68,-5.3564434777886305e-05,0,0,25,10,1,0.0,0,-0.02673326840510563,0,-0.0262572444972547,0,-0.02079322972330698,1,0.4204779885052701,1,0.7591923312189561,0
A,7548230c2e045932,1.0999679565422416e-06,0,0,25,11,1,0.0,1,0.0028111450906314795,0,-0.0038114128262767334,0,-0.003700657716938447,1,0.43493732662291107,1,0.3435905377559726,0
A,78ebe4551cd95dfa,-4.386779293419352e-05,0,0,18,3,1,0.0,0,-0.061791014693391724,1,0.14853278304658885,1,0.2355656475787376,1,1.5003226043866822,1,1.6606354181926961,0
A,7a59404ed12c50d3,0.0,0,0,20,19,1,0.0,0,-0.0708188633113423,0,-0.0708188633113423,0,-0.0708188633113423,1,0.25494075106176617,1,0.08740892761660346,0
A,7b90827c00df58d7,0.0,0,0,26,18,1,0.0,0,-0.04548309036709429,0,-0.04548309036709429,0,-0.04548309036709429,1,0.3213040884684685,1,0.7385407913572603,0
A,7f4841eabe8e5fd4,0.00026857970692262256,0,0,31,19,1,0.0,1,0.028342990715945905,1,0.14100221065831006,1,0.2921752342059733,1,2.1079630984844515,1,2.3775692953883607,0
A,827eccddfb8f5775,-0.44973346748948095,0,0,8,7,1,0.0,0,-0.6220783446661591,0,-0.6196111247913175,0,-0.6342318596747483,0,-1.3151283719792206,0,-1.4377104182432625,0
A,8728b32fc47c5889,0.00041218074969947335,0,0,31,11,1,0.0,0,-0.020604107481672407,0,-0.10501384732515098,0,-0.031572128510010226,1,0.8692860749266783,1,1.3723438407797488,0
A,885e5a20bcc859eb,0.0,0,0,22,19,1,0.0,1,0.006776667162135361,1,0.006776667162135361,1,0.006776667162135361,1,0.4581908504921266,1,0.8093020711869363,0
A,88f56443257f5df4,0.00012968290139215265,0,0,25,19,1,0.0,1,0.02225663698031373,0,-0.05576477137581669,0,-0.13623979797094404,0,-0.38720100667717205,1,0.11428328974448176,1
A,89a8c6df01975db5,-0.12150448813475667,0,0,31,24,1,0.0,0,-0.03248519001609959,0,-0.09350475251219681,0,-0.043097790193799446,1,0.680275743487294,1,1.109442674526539,0
A,8d86328818cb5107,-9.675014466026255e-05,0,0,18,0,1,0.0,0,-0.04819392809942093,1,0.0016802345983347178,1,0.014271321119042335,1,0.5316538265926306,1,0.14017349483930086,0
A,8f94d6272a355099,0.0016623870508896132,0,0,27,19,1,0.0,0,-0.0027493896443812546,1,0.01141367541875226,1,0.04437215892436696,1,0.7588390302760876,1,0.5125178058022241,0
A,96b26551a7665c3e,-1.025527119646874e-05,0,0,6,10,1,0.0,1,0.07938747068765799,1,0.07948620898684447,1,0.07874084129664424,1,0.6418976745056495,1,0.27625430073374124,0
A,9a351585a39b56e7,0.4242116406112909,1,0,24,21,1,0.0,0,-0.025560042433939095,1,0.013600617317931784,1,0.01482353087645542,1,0.4664339671521919,0,-0.4361536099742154,-1
A,9a42d78145015329,0.0,0,0,26,17,1,0.0,0,-0.010240608839983477,0,-0.010240608839983477,0,-0.010240608839983477,1,0.4136165944961997,1,0.4540397125594783,0
A,9de436209562551c,0.00039608197032939274,0,0,31,25,1,0.0,0,-0.003281278513681805,0,-0.08025264784339503,0,-0.02740606250049283,1,0.7452911480843604,1,1.0600776611100335,0
A,a969b1f6569651d6,-0.00018860877510107343,0,0,27,10,1,0.0,0,-0.032499406774243164,0,-0.17397916751246034,0,-0.1694499150033733,1,0.09986807966761124,1,0.27317944089294555,0
A,a9d9c3052d7658f7,-0.00020283341519533593,0,0,8,10,1,0.0,0,-0.014068946154438797,0,-0.2939577573740997,0,-0.3525384098771464,0,-0.7082528436362217,0,-0.7577925514264507,0
A,aaab4ff12a5a52e5,-9.905405044552396e-05,0,0,28,21,1,0.0,0,-0.018020038636159842,0,-0.0006102068458716699,1,0.0252687792517017,1,0.6620635487395874,1,0.9176478523912768,0
A,ab4ef14574e45b62,0.0,0,0,29,18,1,0.0,0,-0.023490329562424587,0,-0.023490329562424587,0,-0.023490329562424587,1,0.3789108963995659,1,0.9565963810308745,0
A,ac02040979f85b19,-8.624088380304595e-05,0,0,30,21,1,0.0,0,-0.015046826637258565,0,-0.02031355645646859,1,0.04008044280307632,1,0.932323803440843,1,1.3165399484031393,0
A,ac42b117b17956ed,1.0510914947323502,1,0,9,21,1,0.0,0,-0.022281893886704467,1,0.21201625990076153,1,0.2827098919348054,1,1.5072678026845006,1,1.2658464306519457,0
A,ac52088246a95343,-0.0004528102353215217,0,0,28,23,1,0.0,0,-0.09261119965068754,0,-0.09581053568614349,0,-0.05296406660440217,1,0.5759109095921068,1,0.8263660676370587,0
A,aff36327aabb5515,-4.856995623558902e-05,0,0,6,24,1,0.0,0,-0.10661867660824416,0,-0.01706609118896603,0,-0.01776950552425588,1,0.3422848938807844,0,-0.013497552410245639,-1
A,b355cffce6c45f71,1.858461019920136,1,0,17,5,1,0.0,0,-0.05717374231167391,0,-0.17638614664396546,0,-0.15664579435875986,1,0.2184337217993526,0,-0.20245812253734718,-1
A,b60373ae0d435c75,0.0027937298343516884,0,0,28,25,1,0.0,1,0.08249503116910922,1,0.1697851676540737,1,0.23277140037575322,1,1.4048187235721112,1,1.5752606418254493,0
A,b9557ffd71885aa0,0.0,0,0,6,20,1,0.0,0,-0.09905712470419459,0,-0.09905712470419459,0,-0.09905712470419459,1,0.18097477130988482,0,-0.48263923372636586,-1
A,bb63ac58c83e5f3a,-1.2327635207820218,0,1,29,2,1,0.0,0,-0.05676731992273631,0,-0.017156007068828028,1,0.13669813917841472,1,1.7562160314431305,1,1.9215711001457092,0
A,bbce6b018c605752,0.0003631259631903959,0,0,30,0,1,0.0,0,-0.06875953307665308,0,-0.11844333565331674,0,-0.04657398247445785,1,0.8017117927858222,1,1.2920862112587153,0
A,c2b5fe647e0c586d,-0.03566622045934187,0,0,14,8,1,0.0,0,-0.06755892980251968,0,-0.06149400238372076,0,-0.061465945570544724,1,0.2764254610622877,1,0.3182592429605563,0
A,c3578ffab4b450f1,0.002678432080987841,0,0,16,1,1,0.0,0,-0.03560294942635128,0,-0.11470207044248544,0,-0.05843356984370633,1,0.6869036582022181,1,0.5259565552869855,0
A,c38f3b11dbb95dc4,4.270107895187891e-05,0,0,20,14,1,0.0,1,0.04582864505416861,1,0.29775062864876095,1,0.39888034080091067,1,1.9958665930388446,1,2.188890425630989,0
A,c5e84e050cd85c42,-0.005038205215428082,0,0,18,6,1,0.0,0,-0.09118344823476471,0,-0.18280340376934529,0,-0.2748184867317284,0,-0.8164284923399856,0,-0.2508574941299928,0
A,c64a648a9a695a6a,1.7653631151041018,1,0,6,1,1,0.0,1,0.1967774611091913,1,0.27678792043842465,1,0.2852199011468449,1,1.1990479778426706,1,0.6845427707964793,0
A,c7fe7af632de5162,0.0006910689019596905,0,0,25,0,1,0.0,0,-0.10495635577041348,0,-0.10607302227032712,0,-0.1069730002389101,1,0.15510389981507122,1,0.06850950454948102,0
A,c9a40093f6f850d6,-0.9267415123037993,0,1,22,19,1,0.0,1,0.00556074316756348,0,-0.05641816140531969,0,-0.04607118223938306,1,0.41819720133788574,1,0.48492681979613506,0
A,ca5cee90882c5592,-0.0001565277425571998,0,0,16,9,1,0.0,0,-0.048312805278923725,1,0.009540476897261431,1,0.05249980727265748,1,0.8207402179284076,1,0.5546162257693715,0
A,cb02784d74165467,0.0,0,0,30,22,1,0.0,0,-0.018868387547811078,0,-0.018868387547811078,0,-0.018868387547811078,1,0.39101739490920173,1,0.7070575920053745,0
A,ccd97c2696bc5d7e,-1.4407228678292583e-05,0,0,16,3,1,0.0,0,-0.027585024512769427,0,-0.024928244995892215,0,-0.024915954532807046,1,0.3738564299428052,0,-0.12226643543839422,-1
A,d3617337a1685034,4.215182214975348e-05,0,0,30,11,1,0.0,0,-0.024324013454773922,0,-0.024735800855402106,1,0.1760121697163055,1,2.178520619866635,1,1.9779546059539859,0
A,d386255f493a5dda,-0.0002850056530616712,0,0,26,21,1,0.0,0,-0.09845494761871044,0,-0.17644138037924378,0,-0.12191536596110271,1,0.5089539334284434,1,0.877227035762604,0
A,d56942c27fe05bc8,-0.007508544425293806,0,0,18,1,1,0.0,1,0.021885021525524823,1,0.019088537661446487,1,0.02397077045081993,1,0.5357529005551754,1,0.8013839721821132,0
A,d6e9a1f095aa5e17,-0.000654702203534363,0,0,30,20,1,0.0,1,0.2362082797626508,1,0.2737987692712103,1,0.2876785789227354,1,1.2624663498266324,1,1.6126357271606109,0
A,d933554aba9e5800,-1.251486543853022,0,1,19,4,1,0.0,0,-0.04275709008725776,0,-0.011766376648271907,0,-0.0682408112202327,0,-0.1138153340753203,1,0.3751890250768156,1
A,da2a2bb0538a5c0f,0.6669027996208836,1,0,3,4,1,0.0,1,0.263421050975118,0,-0.01564137943401328,0,-0.2056820251696304,0,-1.1601494126961402,0,-2.0415023898208444,0
A,def9b604e6125545,2.4312339152787743e-05,0,0,18,17,1,0.0,0,-0.025643669320094344,0,-0.06461953814132901,0,-0.0720373637281598,1,0.2250845124039519,0,-0.2564324958048869,-1
A,e41e12276f3f5bfa,0.00010162918437273127,0,0,26,7,1,0.0,0,-0.00844503837956236,0,-0.011560125287998999,0,-0.03711790260882453,1,0.18229895806865115,1,0.5588849980547304,0
A,e6aee3828e5e5fcc,-0.0007365586519241327,0,0,30,17,1,0.0,1,0.6815963265003857,1,1.1060684788108455,1,1.2722721652445008,1,4.606657364869026,1,4.466846515186167,0
A,e97adfaea02f5a8c,-0.0021063738511351016,0,0,29,18,1,0.0,0,-0.04809912648626741,0,-0.014196347080198256,1,0.07331993484186725,1,1.1712794622284355,1,1.4682409541513053,0
A,f8e89d6990f755fe,0.0,0,0,29,23,1,0.0,1,0.005697201077401618,1,0.005697201077401618,1,0.005697201077401618,1,0.4553633475713389,1,0.8716816581207693,0
A,fa1f8f2ab8345c3c,-0.0008917084157467059,0,0,28,20,1,0.0,0,-0.20762726668463152,0,-0.5150730720718728,0,-0.49672934190507545,0,-0.582169643201194,0,-0.49786788193973597,0
A,fd93080c3a8150a0,-5.9601045027374896e-05,0,0,16,3,1,0.0,0,-0.07064802130986116,0,-0.0029179855390818604,1,0.0073094671717333914,1,0.48898613736703966,0,-0.025912352184089382,-1
A,feffd23430c45e92,-0.9198962221106517,0,1,31,20,1,0.0,0,-0.08571836396377963,0,-0.11003617934581486,0,-0.06197204108357701,1,0.5966179207369544,1,1.165827082445518,0
B,0527b9bfd4ca5c32,-0.000660314950719476,0,0,27,20,1,0.0,0,-0.03154836875227254,1,0.06473556268498608,1,0.13609807806641924,1,1.2001391855276728,1,1.0161007886244282,0
B,06ad789155565f5a,0.0,0,0,25,14,1,0.0,0,-0.052657400927526396,0,-0.052657400927526396,0,-0.052657400927526396,1,0.30251203529408455,0,-0.5995717540155254,-1
B,07e5f779a38a5796,0.0,0,0,15,23,1,0.0,0,-0.07931729120714325,0,-0.07931729120714325,0,-0.07931729120714325,1,0.23268036693547045,0,-1.0751684654889841,-1
B,0804f9b020455f1f,0.0002350466962903737,0,0,28,23,1,0.0,0,-0.023071857085212692,1,0.003903322560890269,1,0.04636434702444724,1,0.8177528859387726,1,1.2961449198136634,0
B,0a0a0582fa3c59ff,-3.898025252269122e-05,0,0,19,3,1,0.0,0,-0.027859774201298114,1,0.009010995028817928,1,0.09069908508174304,1,1.1781700778670907,1,1.3712800939256569,0
B,0aaa6bcf29195cb8,-0.0013147410899403411,0,0,20,22,1,0.0,1,0.1354935132984432,1,0.2691640299528071,1,0.25137347836391083,1,0.915363493413562,1,1.0613647238315116,0
B,0ad7ad4652905818,-0.9266092628385871,0,1,29,18,1,0.0,1,0.07804162615130546,1,0.06087247969118926,1,0.1460739430440788,1,1.3740070935510844,1,1.7453665226315254,0
B,0dea9a059448523e,1.4960405649411257e-05,0,0,27,22,1,0.0,0,-0.017441482849640845,0,-0.01739432798418336,0,-0.020729258042717108,1,0.3649070063458947,1,0.7579108881526807,0
B,0ec17f3051245c96,-1.2191230711013077,0,1,22,13,1,0.0,1,0.06831881775031,0,-0.14252780235326978,0,-0.14415244441271607,1,0.16350217008477996,1,0.5017730500297112,0
B,10805d90d9bf5515,0.0002873325196095511,0,0,19,11,1,0.0,1,0.010708740370234905,1,0.22584530733112668,1,0.20163458728892128,1,0.7013648357369989,1,0.8709512373910945,0
B,122d10e833ec5acf,0.0,0,0,19,14,1,0.0,0,-0.012712383606936483,0,-0.012712383606936483,0,-0.012712383606936483,1,0.4071421434023397,0,-0.9019018646488548,-1
B,1254de31edae5c4f,-0.0007003350026906219,0,0,23,17,1,0.0,0,-0.1054591819949379,0,-0.09237825110251657,1,0.07264599711753475,1,1.6734510367647124,1,1.7850186895799935,0
B,149c04a77aef5092,-0.0005749292310705647,0,0,24,24,1,0.0,0,-0.06432330711031921,0,-0.14660523910700685,0,-0.15140620668822882,1,0.056628172567182444,1,0.4143748414243438,0
B,16792fe5ad0b5eca,0.9898755726099016,1,0,27,24,1,0.0,1,0.01864890442556577,1,0.07352628772452215,1,0.0735264574930801,1,0.6041479417000389,1,1.2081267305627357,0
B,1ac69808c1e45e62,-1.7764976951717415e-06,0,0,21,21,1,0.0,0,-0.017305937230404536,0,-0.006585665691955749,0,-0.01544241749374976,1,0.33801653928985287,1,0.7766675685473374,0
B,1afa3ad15c605fbc,0.0026601262904704104,0,0,14,4,1,0.0,0,-0.03521670576676805,0,-0.0380977116690643,0,-0.07215392622838143,1,0.036351071843048754,0,-0.0507978834975793,-1
B,1b4d645058d35d62,-7.635569926356389e-05,0,0,25,3,1,0.0,0,-0.07704222305501902,0,-0.08042019646329614,0,-0.08152350441658274,1,0.22166213133975188,1,0.056623617386260316,0
B,1d8274a8ceec5a72,0.0,0,0,24,21,1,0.0,0,-0.023944546552148626,0,-0.023944546552148626,0,-0.023944546552148626,1,0.3777211416835269,1,0.5721580287761813,0
B,2c2ab0ec571852dd,-3.614681723984603e-05,0,0,28,27,1,0.0,1,0.051477858641593974,1,0.003918337057469315,0,-0.001233398174091134,1,0.42947630337037235,1,1.0596894709303524,0
B,2d274a8cb56657bf,-0.00041685487665232834,0,0,30,5,1,0.0,0,-0.018626477019200897,1,0.32560023634513413,1,0.30761435844704754,1,0.9506075021996138,1,1.5965947275151304,0
B,326dfe49624c5c32,0.0,0,0,27,20,1,0.0,0,-0.03156099077253639,0,-0.03156099077253639,0,-0.03156099077253639,1,0.35777098430134713,1,0.8048201158490493,0
B,32821f1c732d5da5,1.5885314031072184e-05,0,0,30,21,1,0.0,1,0.002535558178711634,1,0.1935976659724308,1,0.2911960907515703,1,1.7233775291958342,1,2.10492546411354,0
B,3380e8be77f956ca,-0.00081484532789311,0,0,20,14,1,0.0,0,-0.01278268978777219,1,0.049514246422747085,1,0.07964586707258012,1,0.8079177707737268,1,0.9783268821682175,0
B,35910ea256525c82,-2.032650453309063,0,1,17,4,1,0.0,0,-0.3683065993303758,0,-0.8450695670167518,0,-0.8433483641684362,0,-1.5066904208447804,0,-1.708289705181279,0
B,3620d32850be5d18,0.00986538806068693,0,0,14,0,1,0.0,1,0.10485966584284748,0,-0.10741751086221255,0,-0.054448109932836886,1,0.7464592002785616,1,0.7496066299763002,0
B,37d95c84006f57b3,-0.00023691445795120947,0,0,27,9,1,0.0,1,0.0025807487611613786,1,0.03315274221616086,1,0.03551067514550713,1,0.5323607451696111,1,1.1292042442250414,0
B,3c8232a7b1955d89,-0.9205696552732752,0,1,27,21,1,0.0,0,-0.05966929148345461,1,0.6058254824113684,1,0.6417755421306169,1,1.9998419119519244,1,2.158441324824139,0
B,42b34c2c39b55602,0.005552551513910294,0,0,31,11,1,0.0,1,0.09516264268296365,1,0.09066880396579047,1,0.14192541451148005,1,1.1405680303442018,1,1.593528130180864,0
B,477c8966dc655113,-2.4455273151424706e-05,0,0,17,24,1,0.0,1,0.150168750875741,1,0.06937664236350756,1,0.06360877471917374,1,0.6128943503225164,1,0.449173356101217,0
B,4953d5e90a905936,0.02362654331787617,0,0,21,8,1,0.0,1,0.31818338479941294,1,0.13665349868372056,1,0.2666733816808715,1,2.061472963753977,1,1.8282827189827975,0
B,4c6b2e3789d4516e,-0.0003932225405413191,0,0,23,19,1,0.0,0,-0.15944984996819483,0,-0.42954526931250875,0,-0.4071755174899293,0,-0.3416494318274348,0,-0.09644381476680675,0
B,4cda67de4b225ad2,0.00010108057856594854,0,0,18,9,1,0.0,0,-0.011496651428009303,0,-0.07738057113295986,0,-0.023193355977630534,1,0.7590165856280587,1,0.9763236402068904,0
B,4fdf9da355d35d70,-0.00036944285035156454,0,0,28,21,1,0.0,1,0.011957144143174754,0,-0.034197649420996,1,0.00874640735116004,1,0.7607831649177661,1,1.1570585499274904,0
B,51a847c22f205e28,-0.000727573093399405,0,0,15,2,1,0.0,0,-0.09961982714280153,0,-0.5793948385414596,0,-0.5385184803947187,0,-0.45760775183847735,0,-0.6793882877887341,0
B,564f407829275357,0.0013155343568760358,0,0,30,20,1,0.0,1,0.0490108221432838,1,0.09511719075052129,1,0.1741575687420419,1,1.3750757209582212,1,1.8327575309540718,0
B,56af4c5614115b65,-0.00018593805283308043,0,0,22,1,1,0.0,1,0.1385725343108058,1,0.1385725343108058,1,0.1919689575197,1,1.2828943038679943,1,1.628118059190045,0
B,57e25595d16a50cf,0.0,0,0,11,18,1,0.0,0,-0.1278229772757025,0,-0.1278229772757025,0,-0.1278229772757025,1,0.10562684392692201,0,-0.38886471985321625,-1
B,5eb6634f24555ce0,0.00012660958215127138,0,0,18,3,1,0.0,1,0.09435358709779174,1,0.13020454652122662,1,0.08707694088709003,1,0.3753488522813754,1,0.5194227712096228,0
B,63a3109909a05325,-3.861344816104978e-05,0,0,21,23,1,0.0,1,0.4059118219300049,0,-0.22022943512498666,0,-0.08268574848254456,1,1.4282576479458766,1,1.3622293474925864,0
B,659d181ef87e5388,9.543879888940232e-05,0,0,26,18,1,0.0,0,-0.03155597147276806,0,-0.04001147619731389,0,-0.08218800867594876,0,-0.038645528062490664,1,0.5642419701762894,1
B,6a36265e4a6e59fc,-0.0005120796682778206,0,0,27,25,1,0.0,0,-0.08176116153554541,0,-0.051185416650376306,0,-0.05065832238705564,1,0.2950069754239141,1,0.4445760482844445,0
B,70a69d4ab95f5177,-4.553225859999649e-05,0,0,21,22,1,0.0,0,-0.054388928773691725,0,-0.03562808099175692,0,-0.0363842369849475,1,0.3304528279159187,1,0.3131106444764794,0
B,727f40b053895e1d,0.0,0,0,15,21,1,0.0,0,-0.09484232442660356,0,-0.09484232442660356,0,-0.09484232442660356,1,0.1920148218163028,0,-0.47167481468232597,-1
B,73eee9915324572a,0.0,0,0,31,20,1,0.0,0,-0.008520911061245001,0,-0.008520911061245001,0,-0.008520911061245001,1,0.4181210903400451,1,0.7339756096514931,0
B,74211d0e2b9f5b8c,-0.00024828358236694825,0,0,22,16,1,0.0,0,-0.02191498944907763,1,0.03639127202512826,1,0.03654396319149045,1,0.5064429911153456,1,0.014003826817467147,0
B,771893d6d5705c46,-0.00021028001904488391,0,0,24,23,1,0.0,0,-0.06334955028417347,0,-0.24343692143924167,0,-0.2241316533912515,1,0.07093929110954567,1,0.3974254473661152,0
B,7a6c9c397be65ef2,0.0,0,0,15,22,1,0.0,0,-0.1100226229785976,0,-0.1100226229785976,0,-0.1100226229785976,1,0.152252258544312,0,-0.7488021544372128,-1
B,7e9c41504f4054a3,0.00840530595206701,0,0,17,10,1,0.0,1,0.20882834552137822,1,0.2691628511589236,1,0.2694419631475509,1,1.1162216004297014,1,0.45088427786534235,0
B,804ed2bde0ac524b,0.0,0,0,30,20,1,0.0,0,-0.024976161087671974,0,-0.024976161087671974,0,-0.024976161087671974,1,0.3750189788702887,1,0.8778098543577013,0
B,81c16d7cf92852e5,0.0,0,0,21,17,1,0.0,0,-0.03431494322231161,0,-0.03431494322231161,0,-0.03431494322231161,1,0.3505574101969131,1,0.18237055100224142,0
B,831a416d435f5f2a,0.00112672513826384,0,0,19,6,1,0.0,1,0.4761636696318058,1,0.9719602362057793,1,0.9834091622776742,1,2.82818782835448,1,2.869282710777266,0
B,83521b5e452c583c,0.00018796835206469353,0,0,27,23,1,0.0,1,0.013182221211849246,1,0.01024901019488261,0,-0.00992301803814141,1,0.2876914318448961,1,0.6865873127062638,0
B,847813fc9a965226,-0.0001434389896690846,0,0,30,1,1,0.0,0,-0.06752850530707961,1,0.03991580988749058,1,0.14748790958300795,1,1.45440408591535,1,1.8712278027207931,0
B,85d5b90db6eb52fa,0.0037533805332146605,0,0,18,1,1,0.0,1,0.016903681915605172,0,-0.02806996847054649,0,-0.009243324990721051,1,0.5596450325603903,1,0.4205623893206152,0
B,885cc1ad604652d8,-0.0009093783363234246,0,0,30,17,1,0.0,0,-0.10659207102019969,0,-0.14675771085076714,1,0.016644255609874953,1,1.5444713019998626,1,1.4315203522664448,0
B,8afdca566fe255d3,0.0,0,0,18,23,1,0.0,0,-0.03856367867026635,0,-0.03856367867026635,0,-0.03856367867026635,1,0.33942847149411937,0,-0.5629082191997703,-1
B,8fe8610b98675d1b,0.0007005367354437908,0,0,19,4,1,0.0,1,0.06850567073375868,1,0.044248418320233115,1,0.044017695736965755,1,0.5670388322866796,1,0.9492963980510134,0
B,90c5cde5df155150,8.98302416899241e-05,0,0,14,20,1,0.0,0,-0.12728063377956672,0,-0.12737029595114138,0,-0.10079034098337337,1,0.3455396272792559,0,-0.38097631575116564,-1
B,90dcc945cdb456d0,2.576884327800199,1,0,16,6,1,0.0,1,0.1318784013826171,1,0.1350350352239741,1,0.13265772045695653,1,0.7711357299237189,1,0.9217690099416618,0
B,92d72a355aee5a32,7.069968131836503e-05,0,0,13,23,1,0.0,1,0.005672139659446522,0,-0.11526635865052591,0,-0.13035921932439823,1,0.06664499374842037,1,0.24068548694083913,0
B,94f497a302325bfd,0.00010227884268387832,0,0,29,19,1,0.0,0,-0.025739707404508656,0,-0.02530062675710024,1,0.022881887725887,1,0.8066022001327343,1,1.2455045756466268,0
B,97ca868eb2985f69,0.00013910153927281562,0,0,18,0,1,0.0,0,-0.05648012709158449,0,-0.06162046637594705,0,-0.04541281732322517,1,0.427279996244605,1,0.023248356357034483,0
B,99d84eb39f4455e8,0.013315708337724209,0,0,28,22,1,0.0,1,0.19582728693410698,1,0.20806284302576297,1,0.2290278372208704,1,1.1672493549482514,1,1.5897110482960999,0
B,9ab61ede877a5777,-0.0005499392535535108,0,0,6,22,1,0.0,0,-0.1278188564021873,0,-0.22770155315280394,0,-0.21771718125629747,0,-0.01375955437228038,0,-0.40868137869510246,0
B,a4e1c931fd9e589d,0.0,0,0,28,19,1,0.0,1,0.01118986879237637,1,0.01118986879237637,1,0.01118986879237637,1,0.46975058421234783,1,1.0228885838826645,0
B,a72be570581e592f,9.288905582616365e-06,0,0,30,7,1,0.0,0,-0.04009464835296572,0,-0.2339379869571799,0,-0.2562335811580415,0,-0.27050205676681394,1,0.36929787064750397,1
B,a9d40f7ad47b5e97,-8.10933299399963e-07,0,0,15,11,1,0.0,0,-0.024682847339237885,0,-0.02351745444949791,0,-0.023494043808015633,1,0.3784366508328535,0,-0.9303621111258187,-1
B,aa92de950c9959ca,5.259555531722526e-05,0,0,27,20,1,0.0,1,0.01359151355752406,1,0.052107057866549664,1,0.034416943724808906,1,0.39780230029419594,1,0.9959455529270208,0
B,ac95102a0c6b5a5c,2.1014530253696257,1,0,14,19,1,0.0,1,0.6814552676483479,1,1.4195498933093886,1,1.547939358769484,1,4.9231374279343525,1,4.568766502581552,0
B,ad31b2f18d3253d8,0.0012823742919376713,0,0,16,0,1,0.0,0,-0.015592345073361547,0,-0.028197076528396054,1,0.012353860931565756,1,0.7373518924679421,1,0.8774121975261496,0
B,aea2656a586d5ec9,1.7737669951498507,1,0,18,18,1,0.0,1,0.3268151036699743,1,0.30963948744933256,1,0.31018242649309935,1,1.265411526801336,1,1.297219645094882,0
B,af54d9e79d6c5e29,0.0008459108211109623,0,0,29,2,1,0.0,0,-0.06898592182155652,1,0.07929830759961465,1,0.09280772339580101,1,0.6914101575620307,1,1.0878234169340242,0
B,affd71fa68e855f3,1.5958218251977119,1,0,10,25,1,0.0,0,-0.05358651631198191,1,0.7067443625086247,1,0.7205068282620801,1,2.0150283615108338,1,1.9489159061598063,0
B,b1daf9a088f75ecc,5.8073964714910886e-05,0,0,24,17,1,0.0,0,-0.03205982861774601,1,0.013424217460617664,1,0.01744774393551557,1,0.48779218187330464,1,0.6761449726801703,0
B,b510ffd4f8e45d43,-2.576806145370954e-05,0,0,30,18,1,0.0,1,0.05822729495929162,0,-0.04752268819111566,1,0.05364182648040781,1,1.2800505953611627,1,1.6301166297292329,0
B,b61e989f3aa1559e,-0.013568610285148441,0,0,4,7,1,0.0,0,-0.32364640456921,1,0.03212677819942339,0,-0.034742847147797906,0,-0.2631418172661186,0,-0.7368783283152278,0
B,bc1f7501d13b5aa3,0.0007624268025159253,0,0,26,19,1,0.0,1,0.13262703056937425,1,0.15655072416094332,1,0.12945261000173733,1,0.594576758100291,1,0.3994578492292008,0
B,bd73062438cc5d7d,-7.896602600809821e-05,0,0,17,7,1,0.0,0,-0.05259455428573993,0,-0.05279577578599956,0,-0.05277063073246375,1,0.30248129251544864,1,0.5812267186628861,0
B,bded7bad07695542,-6.40717230737664e-05,0,0,25,30,1,0.0,1,0.06947942567236323,1,0.060464151272759684,1,0.057561581018160946,1,0.5774984211832863,1,0.21650365134441518,0
B,be15314fe9dd5c65,-0.00035257100686431064,0,0,18,9,1,0.0,0,-0.06552650892357922,0,-0.36629875302883375,0,-0.31676667493113353,1,0.08407196023585117,1,0.29606116088573464,0
B,bf830798460557a1,0.0004158175837249978,0,0,18,3,1,0.0,0,-0.06345548700765255,0,-0.06493377848371111,1,0.044142581664949845,1,1.250606293935978,1,1.3426860913607688,0
B,c2458beee2cb5960,-1.8720616596468176e-05,0,0,8,24,1,0.0,0,-0.3508456169439432,0,-0.23525842421197296,0,-0.23311461952216883,0,-0.21737431038236177,0,-0.37643672785760685,0
B,c56c5d12317658c1,-0.0001962871921714392,0,0,22,23,1,0.0,0,-0.0845801949027529,0,-0.07170468175913879,0,-0.042398728522250705,1,0.5090018097335012,1,0.3510269053368993,0
B,c5af51a421195228,0.0,0,0,21,3,1,0.0,0,-0.0446577327438398,0,-0.0446577327438398,0,-0.0446577327438398,1,0.32346599158284195,1,0.6755001644047323,0
B,c71886cc34e955cd,-0.0007148527365177879,0,0,26,23,1,0.0,0,-0.09269328192100466,1,0.19097184407646767,1,0.21191563177665135,1,0.9794218734538689,1,1.303363198733917,0
B,c737859a7fd655eb,-0.00022625266653631543,0,0,26,24,1,0.0,0,-0.01642625152574969,1,0.26242981915851343,1,0.2998388435499923,1,1.316979626044072,1,1.5265651491793184,0
B,c82c5a1a65c85cf5,-2.2451035678384447e-06,0,0,18,23,1,0.0,0,-0.04337114752134751,0,-0.04303405079438058,0,-0.043032491359413325,1,0.3275555570459654,1,0.15955244395905976,0
B,c9a3da25280f5c73,0.0007420609395951041,0,0,26,20,1,0.0,0,-0.1002463053358388,0,-0.23355129756213183,0,-0.23416797654343902,0,-0.1066841294408698,0,-0.017185086931100768,0
B,cd8984960fd75abe,5.4303699731583777e-05,0,0,6,21,1,0.0,0,-0.0769943196285397,0,-0.1671632590128725,0,-0.16645210235563368,1,0.056428051422435566,0,-0.3165669610279511,-1
B,d028a85f30615d96,0.0002730165308923461,0,0,31,20,1,0.0,0,-0.01423807208895507,1,0.015486160257216428,1,0.07520903279591969,1,1.001651546993566,1,1.2780701178113245,0
B,d180b84136485d24,-0.00011401586717774137,0,0,29,19,1,0.0,1,0.02686940625493766,1,0.05447865244332919,1,0.14530640312778828,1,1.384212180702534,1,1.6156036152461013,0
B,d18242110ded580e,0.12748895863071086,0,0,5,0,1,0.0,1,0.8204222857542779,1,1.076207898998397,1,1.0961256462381312,1,3.3036288817035153,1,1.9510632887995931,0
B,d4a11efcd1ee5734,0.001809692610055258,0,0,15,1,1,0.0,0,-0.008657323873733858,0,-0.021035234255110082,1,0.027238642285399677,1,0.8253415253186156,1,0.5406290497048694,0
B,d5c9b0e4956c57b6,6.567727476358416e-05,0,0,18,28,1,0.0,0,-0.023494409204166435,1,0.0025600518670922424,0,-0.007550433908264112,1,0.34264295118827126,1,0.646986937747664,0
B,d76bab0f8d7d521a,-4.485031962397912e-05,0,0,28,22,1,0.0,0,-0.018017762348375068,0,-0.005891536829384446,1,0.005582534998201213,1,0.5216592405179739,1,0.8467438623657726,0
B,daa6af28f8f05cf1,0.0002474565289913855,0,0,27,11,1,0.0,0,-0.02300350848612775,1,0.04617099544940309,1,0.15099407902403808,1,1.46624700419151,1,1.7990087076149075,0
B,dac75042c07a57c0,-0.929471255149922,0,1,25,25,1,0.0,0,-0.02286641676086411,1,0.015324945440959956,1,0.05510653316564047,1,0.8177058779091848,1,1.1725348274144167,0
B,dc6b715bba8c567a,-2.6732132956385716e-05,0,0,16,2,1,0.0,0,-0.017363490868095428,1,0.2232533538254494,1,0.23111306776582335,1,0.9691464697501553,1,0.7997230071612724,0
B,ded8004def37555a,-0.929121662644883,0,1,23,22,1,0.0,1,0.34615973723825705,1,0.8075224775146163,1,0.8988621639563457,1,3.132986418641724,1,3.039159330055104,0
B,df57085ef0af51d5,-2.6786089874830665e-05,0,0,29,21,1,0.0,1,0.0008024747511658882,0,-0.008424154617331567,1,0.019759196350859383,1,0.6763089206505336,1,1.110727703391939,0
B,e2563b9260ac558f,-0.00010571607053289078,0,0,25,21,1,0.0,0,-0.005453206940171331,1,0.2816824788375154,1,0.30071175112645165,1,1.1980065367120218,1,1.7023685055243205,0
B,e6529741db7e53e3,6.006250381473954e-05,0,0,24,17,1,0.0,0,-0.034698365028537764,1,0.017698617300960152,1,0.02191388111878214,1,0.49707139360474645,1,0.6855260168167465,0
B,ea2d96dda6f1527f,0.0,0,0,27,24,1,0.0,1,0.0006356180328056184,1,0.0006356180328056184,1,0.0006356180328056184,1,0.4421052739321516,1,0.6361010882169352,0
B,ee72b2f74ac15d69,-0.9294550249450522,0,1,31,24,1,0.0,0,-0.11926861978400026,0,-0.18298839039855597,0,-0.1790546475978907,1,0.0299924932925677,1,0.6617158127037426,0
B,f09e9c04f44758ac,-1.2556615176958614,0,1,5,4,1,0.0,0,-0.1440335996653965,0,-0.14388827168881949,0,-0.21983787907264435,0,-0.6185345485051299,0,-1.1001664604951087,0
B,f630380d2cc5527d,-7.045645639358611e-06,0,0,15,10,1,0.0,0,-0.05191273508001165,0,-0.0474375184212749,0,-0.046427039639475184,1,0.32290296575411925,0,-0.04424854327826089,-1
B,fd49d49dadc35ccd,0.0,0,0,22,19,1,0.0,0,-0.03381121249322718,0,-0.03381121249322718,0,-0.03381121249322718,1,0.35187685888355524,0,-0.14430167623162715,-1
B,fe538593f25153eb,1.5660960227315002e-05,0,0,19,3,1,0.0,0,-0.02105938258963978,0,-0.012693433085956973,1,0.06796427837324794,1,1.127069830134338,1,1.2869053646262523,0
B,fec1a125e16a5e29,0.0001622399517904327,0,0,13,1,1,0.0,0,-0.03780125368480468,0,-0.1138418915440139,0,-0.12856136312111077,1,0.050096654344129465,0,-0.8227731685766317,-1
