scenario_token,outer_test_fold,candidate_count,full_selected_action,intervention_prefix_size,intervention_selected_action,intervention_selected_rank_by_rsmr_score,full_selected_rank_by_rsmr_score,switched_from_full_winner,full_winner_deleted_by_prefix,intervention_y,full_y,intervention_rsmr_score,intervention_quality_value,intervention_plan_control_value,intervention_ego_ref_value
00bf712a8e9e59bf,0,1,-1,-1,-1,-1,-1,0,0,,,,,,
00d83b17d1755be3,1,7,-1,-1,-1,-1,-1,0,0,,,,,,
00f4aedf9b3c5f65,4,16,21,-1,-1,-1,1,0,1,,3.5336512327194085e-05,,,,
023f35fd45755497,4,11,-1,-1,-1,-1,-1,0,0,,,,,,
02bb7e4c3012543c,2,8,-1,-1,-1,-1,-1,0,0,,,,,,
02fca515559f520d,1,11,0,9,0,1,1,0,0,-5.0871647178318824e-05,-5.0871647178318824e-05,0.1076566095881033,-0.0846660008741357,-0.08813299781984081,-0.057105962724395165
034da27cd2f75292,3,1,5,1,5,1,1,0,0,-0.004144081055757143,-0.004144081055757143,0.30464061493402605,0.1480630470221737,0.18077613538537998,0.1651909112701809
0395a156348a5041,3,8,24,-1,-1,-1,1,0,1,,-0.00039037971599031884,,,,
03a7c978d0165fa2,4,20,-1,-1,-1,-1,-1,0,0,,,,,,
03dac455f9ec5792,0,18,23,9,23,1,1,0,0,-0.0001943112442734929,-0.0001943112442734929,0.24602580167745342,-0.0403824420345861,-0.08583527991494266,-0.059681511847965364
045cd7a008c65925,0,17,9,-1,-1,-1,1,0,1,,0.00042712006894873866,,,,
046577552dd15fc3,0,15,-1,-1,-1,-1,-1,0,0,,,,,,
04e294754b4d56a6,0,7,22,1,22,1,1,0,0,4.5298025821094434e-05,4.5298025821094434e-05,0.3005936605354631,0.072460694021912,-0.001236452859557452,0.024605349068033598
050392bdc27a5f5c,3,1,-1,-1,-1,-1,-1,0,0,,,,,,
052f0d46a5c059a1,4,12,0,11,0,1,1,0,0,0.0031051245564599483,0.0031051245564599483,0.4183251706955458,0.12387955085293391,0.04178367239281498,0.0993059826479597
054033a129155c88,3,9,1,-1,-1,-1,1,0,1,,3.994131535741196,,,,
05ba4ac2db9c50d2,0,11,25,1,22,3,1,1,0,-0.9893820163086129,-0.9894486065524201,0.11531747803363929,0.07133470345990307,0.09951218910521495,0.1270956698238411
0612f5d26b32561d,2,15,-1,-1,-1,-1,-1,0,0,,,,,,
0624fd97bb1d5859,0,23,22,12,1,2,1,1,0,0.0001238135528751627,0.0001875565206632679,0.2582898930344826,0.04890556826496418,0.20794693883571966,0.3418232092628247
06a937676ff65c69,1,17,9,-1,-1,-1,1,0,1,,-0.0008672325992258312,,,,
06f2c0171372558e,1,14,9,3,9,1,1,0,0,-0.00021924246586857432,-0.00021924246586857432,0.17881654255546772,-0.1318771233286076,-0.4599895177924729,-0.3991278620163533
06f8d2f6dca3537c,2,6,-1,-1,-1,-1,-1,0,0,,,,,,
07003d3990e35817,2,2,-1,-1,-1,-1,-1,0,0,,,,,,
073ef4e9c6185fdd,3,2,-1,-1,-1,-1,-1,0,0,,,,,,
07704203d30b5747,4,1,-1,-1,-1,-1,-1,0,0,,,,,,
07db46e8eac253cf,0,12,16,10,16,1,1,0,0,0.7593208522055517,0.7593208522055517,0.2530217512025169,0.2687226301796579,0.36906091135465713,0.39400373347965334
07f7850e943e5787,1,17,9,-1,-1,-1,1,0,1,,-0.0003208969734609102,,,,
07f8bf05fc975975,4,1,1,1,1,1,1,0,0,-7.274440014737316e-05,-7.274440014737316e-05,0.08483501942525248,-0.060331290639262916,-0.005445760341799569,-0.001631948606454485
0831e7eae1365d56,3,5,9,5,9,1,1,0,0,-0.00045407741218805257,-0.00045407741218805257,0.04540302051902846,-0.034164652453523056,-0.17342429108856805,-0.12078738971819242
091cae980d54535d,2,17,20,-1,-1,-1,1,0,1,,-0.00011106623769737822,,,,
0938c742dd0159e8,2,4,-1,-1,-1,-1,-1,0,0,,,,,,
0966d80519ed5508,0,11,-1,-1,-1,-1,-1,0,0,,,,,,
097a309009705384,2,9,3,5,3,1,1,0,0,0.00048242681920529495,0.00048242681920529495,0.09458799868532625,0.10425942810473209,0.10059023043480947,0.05466988842616006
09884abf58435aaa,3,17,9,11,9,1,1,0,0,-0.000667075268552253,-0.000667075268552253,0.06621855061983017,-0.022732861359669364,-0.06511775088986752,-0.012702891375380861
09be490c13cb56b6,3,19,23,-1,-1,-1,1,0,1,,-8.767266422510158e-05,,,,
0aea8543e71b5712,2,15,22,8,22,1,1,0,0,0.0,0.0,0.10138480301401134,-0.043597822913064174,-0.043597822913064174,-0.043597822913064174
0af516a5b2725ac6,4,12,23,1,23,1,1,0,0,-0.00016150210924070763,-0.00016150210924070763,0.07094069994466955,-0.11027025063415331,-0.20713486797092348,-0.209954547012104
0bb64f8f31ba5310,2,17,-1,-1,-1,-1,-1,0,0,,,,,,
0bd45dc9e3a759c2,1,17,17,-1,-1,-1,1,0,1,,0.00010564825385808935,,,,
0be5fd7a2dbb5d87,4,14,-1,-1,-1,-1,-1,0,0,,,,,,
0c77a4182a655cf9,0,3,-1,-1,-1,-1,-1,0,0,,,,,,
0d399eab6caf5d71,0,1,-1,-1,-1,-1,-1,0,0,,,,,,
0d99f7ef1331585c,3,2,-1,-1,-1,-1,-1,0,0,,,,,,
0dd2b9715fc65e18,4,14,10,5,10,1,1,0,0,-9.228003919126149e-05,-9.228003919126149e-05,0.14221009536783705,0.02782724616932233,-0.019761638653413644,-0.015294139027343886
0e59b30dfd9d5121,2,19,21,16,21,1,1,0,0,0.00026765271043404943,0.00026765271043404943,0.024220297686227785,-0.017847342872586276,0.24126920354720677,0.21081947018960395
0e7c79855e005220,1,17,3,14,3,1,1,0,0,0.9896743082495081,0.9896743082495081,0.15675871998502952,-0.01886291795740282,-0.10624984656341604,-0.0661055413047129
0f6992119fc759c4,3,4,9,1,9,1,1,0,0,0.9896811794601963,0.9896811794601963,0.0660328831046773,-0.20594169276408886,-0.20172390762659043,-0.148943968112296
0f9ba65f3e2e5c1d,2,2,25,2,25,1,1,0,0,-0.00012799810242603016,-0.00012799810242603016,0.1375998380641172,-0.04268369593584168,-0.030062490243157002,-0.03410827288906544
0fb7d56584065e6f,4,27,21,15,0,2,1,1,0,0.0018912600628322451,0.0021822822965567035,0.3140030792549268,-0.01766885432535717,0.053067846177623806,0.1384438713764412
0fd565e4e40058b8,2,15,-1,-1,-1,-1,-1,0,0,,,,,,
0fdd878a393d502e,4,2,-1,-1,-1,-1,-1,0,0,,,,,,
102e8bfe5f555974,4,19,22,-1,-1,-1,1,0,1,,-2.479011844847001e-05,,,,
103c7d249ab154af,4,17,9,8,9,1,1,0,0,0.9936651484772563,0.9936651484772563,0.16770787690766137,0.07633661125369162,0.04967249851462012,0.07932218073286612
105b657c237a5c20,2,11,-1,-1,-1,-1,-1,0,0,,,,,,
1088d47284565808,3,5,-1,-1,-1,-1,-1,0,0,,,,,,
10e0d0cf52855491,3,9,20,3,20,1,1,0,0,-4.381986407098193e-05,-4.381986407098193e-05,0.4207007276874806,0.013451048370112656,-0.056041522525517196,-0.05530490956912705
1139bbb1cfe35d48,1,2,1,1,1,1,1,0,0,0.0015995440794149829,0.0015995440794149829,0.20455984023549117,-0.08142297771084278,0.48723182875882914,0.5663272850793994
114a8e53ec3c5e0d,1,3,-1,-1,-1,-1,-1,0,0,,,,,,
11579a9c240a5c77,4,17,-1,-1,-1,-1,-1,0,0,,,,,,
115efd50328f5ecc,1,18,-1,-1,-1,-1,-1,0,0,,,,,,
117049ed19db55a2,1,20,25,16,22,2,1,1,0,0.0,-0.0005033181324601175,0.15666698905603182,-0.004930888311801385,-0.004930888311801385,-0.004930888311801385
11aaf0aadcfb5861,2,17,-1,-1,-1,-1,-1,0,0,,,,,,
122436b1207258bf,2,19,2,-1,-1,-1,1,0,1,,1.2323318207158476,,,,
1289017760ab5cda,0,22,23,21,23,1,1,0,0,-0.00010211831200868104,-0.00010211831200868104,0.1695696067585175,-0.04231312664079305,-0.002445109275919781,0.04473278540118791
12db610090455243,2,15,-1,-1,-1,-1,-1,0,0,,,,,,
13adf1483845581c,0,18,21,8,21,1,1,0,0,0.0006412762776015768,0.0006412762776015768,0.1275596190793776,0.05230721333231074,-0.09649261444734232,-0.14060313133641378
1470dbcb0c415442,0,9,9,-1,-1,-1,1,0,1,,0.0005928187692534337,,,,
147b934bc401590e,3,18,1,-1,-1,-1,1,0,1,,0.9893352683567442,,,,
14dd0d86a4d353af,1,1,-1,-1,-1,-1,-1,0,0,,,,,,
15210c5280b851a8,0,18,24,13,8,2,1,1,0,1.2200536691841322,1.220051444119215,0.04791023366052377,-0.02087069586635011,0.21563828400441676,0.20371076207357247
154c14f381535c43,0,1,24,1,24,1,1,0,0,7.987478524418279e-05,7.987478524418279e-05,0.23059672119426736,0.02064245827871965,0.09070558075641019,0.08433478872716663
15c64c983b935d86,3,5,-1,-1,-1,-1,-1,0,0,,,,,,
16549991ac4b53ff,4,16,-1,-1,-1,-1,-1,0,0,,,,,,
16599b5179df53bb,0,7,-1,-1,-1,-1,-1,0,0,,,,,,
174ebef468f65cc9,3,15,-1,-1,-1,-1,-1,0,0,,,,,,
180f81d1ca5c5ee3,1,17,23,13,23,1,1,0,0,7.068096973794624e-05,7.068096973794624e-05,0.1443417416229646,-0.004193164112363969,-0.016147423112250467,-0.032616638983360285
181f26554b4b5e75,0,15,9,12,9,1,1,0,0,-0.00012368360642556198,-0.00012368360642556198,0.21310532791191433,-0.06891855516714751,-0.10545208159357364,-0.04054641330385538
183eebcd18325090,1,12,22,11,22,1,1,0,0,-2.6754828193224865e-05,-2.6754828193224865e-05,0.14989102958438305,-0.06629784324139724,-0.07425574795094264,-0.06484473851051605
185ce8f5060f5856,1,1,-1,-1,-1,-1,-1,0,0,,,,,,
188773ba51c15df2,3,15,3,15,3,1,1,0,0,0.000739734908030254,0.000739734908030254,0.6043913756965275,0.03703884120027692,0.3501502772410954,0.4071150459369146
1907423ff64a51eb,1,9,22,1,22,1,1,0,0,4.7492956556399735e-05,4.7492956556399735e-05,0.1844532815796694,-0.08935156207370522,-0.017911884332366096,0.0018459272177558106
190d01845dda5596,0,4,-1,-1,-1,-1,-1,0,0,,,,,,
190db336fe0e515f,1,4,9,4,9,1,1,0,0,-0.0006111538553610352,-0.0006111538553610352,0.12991490260159916,-0.01465161420847141,-0.3585130737017789,-0.21089695849934745
19b32f02944d51ad,1,19,20,2,1,2,1,1,0,-1.28129610792449e-05,4.461837168800997e-05,0.1431315534994555,0.00917361932929712,0.054508863957172325,0.06300318664090943
1a20ae9ff1e05d25,3,16,25,-1,-1,-1,1,0,1,,-0.00017978684080298987,,,,
1a775b7a88eb5558,3,12,21,10,23,2,1,1,0,1.1714613341984483,0.0,0.039118981408611836,-0.08285917400943363,-0.003099272677741141,0.021522805507525986
1a9e0797610e5da4,1,17,9,-1,-1,-1,1,0,1,,-0.00031520080855118593,,,,
1ae7a63963375f27,3,2,-1,-1,-1,-1,-1,0,0,,,,,,
1b2ded48330b5b03,2,17,5,-1,-1,-1,1,0,1,,0.0020229374388232024,,,,
1bd0f4142cdc52f5,3,10,0,6,1,2,1,1,0,-2.2215379960835273e-05,-2.8255283832552547e-06,0.26469376601606176,-0.013947149965443165,-0.06021241708795283,-0.06020762233426098
1bd7b3ce5adf5826,2,17,-1,-1,-1,-1,-1,0,0,,,,,,
1bd8ca835d485cd8,1,14,23,-1,-1,-1,1,0,1,,0.0001267136363314325,,,,
1bf5b342d1b052c3,1,3,11,3,11,1,1,0,0,-0.00019516362426785783,-0.00019516362426785783,0.06799804241900237,-0.04522787138396328,-0.10524991410430559,-0.10411690388641072
1c3f933be722564d,2,2,7,2,7,1,1,0,0,-2.020616720138795,-2.020616720138795,0.01637725755465548,-0.02437403588116404,-0.026038368778983922,-0.035071988379956114
1c8a733cea4d5aed,4,28,11,22,18,2,1,1,0,0.0014162216961383818,0.0014269439846277235,0.0512251593681257,-0.07451772225067263,-0.13029950721332773,-0.06851961197858018
1da0d8dce4485189,1,12,4,12,4,1,1,0,0,-0.00913377341185706,-0.00913377341185706,0.035471257672347406,-0.033008439556290015,-0.05721043968231647,-0.09965565744687306
1de30d88d7e15d70,1,11,4,1,9,3,1,1,0,-1.219551877161488,0.00040731540024285806,0.06749233885649425,0.08094345603711005,0.19954034194243336,0.20358071774054443
1ed95e82b4f754ff,4,4,-1,-1,-1,-1,-1,0,0,,,,,,
1f19613acc175257,3,17,3,9,9,2,1,1,0,-0.00023997838315548137,-0.00011537165888553247,0.07560459163448147,0.05093830291294404,0.10997558070137084,0.240253320575513
1f8c9456286d59fb,0,17,9,12,9,1,1,0,0,-0.0006121215932071156,-0.0006121215932071156,0.16055811589874172,-0.11570777632462331,0.18944075818718814,0.24032789780707192
1fad9f3e334d5e4e,3,16,3,11,3,1,1,0,0,-5.923158902421122e-05,-5.923158902421122e-05,0.08419447030834964,-0.04078095642299187,-0.054967415650917034,0.028309588774197772
1fc485893db05d58,3,4,-1,-1,-1,-1,-1,0,0,,,,,,
1fd9a12a263556d8,3,4,-1,-1,-1,-1,-1,0,0,,,,,,
2067e26ac57b5302,4,1,5,1,5,1,1,0,0,-0.00016158222357044033,-0.00016158222357044033,0.10167828932286703,-0.012634730774427014,-0.052872112953444676,-0.05959611380892127
208da297c61b5a6b,0,14,9,13,9,1,1,0,0,-0.0002173149178734679,-0.0002173149178734679,0.22824337165212338,-0.08673318476040684,-0.5163930055448205,-0.4549637590545892
20cd0f5250875606,0,5,9,-1,-1,-1,1,0,1,,-0.00035151679222472035,,,,
21411e892e975adf,0,3,-1,-1,-1,-1,-1,0,0,,,,,,
2154d495b9b657a5,1,3,6,1,4,2,1,1,0,-1.219305722104758,-1.220322729590535,1.1225680176965447,0.12860632103085165,0.3649616624623231,0.3717256092900644
21870d2397795423,3,24,20,-1,-1,-1,1,0,1,,0.0,,,,
21f2c3689d765b09,1,1,-1,-1,-1,-1,-1,0,0,,,,,,
222f2b699516591c,0,14,-1,-1,-1,-1,-1,0,0,,,,,,
22b187e4a9c25c9b,2,14,-1,-1,-1,-1,-1,0,0,,,,,,
2322ed0c8d8e5d5f,2,12,25,8,25,1,1,0,0,0.0026175350087694893,0.0026175350087694893,0.3004723276941828,0.13203370551557148,0.35194116927258673,0.4095675119295672
234440ab79d55e59,1,18,-1,-1,-1,-1,-1,0,0,,,,,,
247baf6242815059,0,20,12,15,0,2,1,1,0,-0.0005264960423111919,-0.0004707026612013579,0.08265582294505885,-0.015497540547894182,-0.04923431603920979,0.047770370379242144
249837af09305794,0,2,-1,-1,-1,-1,-1,0,0,,,,,,
24e5d608f799503b,2,17,-1,-1,-1,-1,-1,0,0,,,,,,
24f940b7a94f5ed7,0,17,3,-1,-1,-1,1,0,1,,-0.0003130765174522987,,,,
253b0edab17c5d6d,2,17,-1,-1,-1,-1,-1,0,0,,,,,,
254e4f21f68554f1,4,18,21,-1,-1,-1,1,0,1,,-0.0001187025191262364,,,,
25708e54a75c59eb,2,17,-1,-1,-1,-1,-1,0,0,,,,,,
257140a662885e1d,0,7,3,2,3,1,1,0,0,0.0005220740450080363,0.0005220740450080363,0.0516886667898204,0.08292756426380835,0.20559108713981725,0.15252393242521525
258a909f4194587f,3,14,24,9,24,1,1,0,0,-0.00010657218275592073,-0.00010657218275592073,0.20655529858503313,0.0059125470350017304,-0.22963422005920026,-0.20168203427299342
25c67c9a53ef53ce,4,4,22,1,22,1,1,0,0,0.0020756234128028158,0.0020756234128028158,0.10478030504117138,0.03228141033312142,0.41342744995304764,0.44279829190447195
25f5f0c57aea54b9,4,21,-1,-1,-1,-1,-1,0,0,,,,,,
2648d4ed541751cc,0,13,-1,-1,-1,-1,-1,0,0,,,,,,
26f611f146275818,1,17,-1,-1,-1,-1,-1,0,0,,,,,,
2709051d421d536a,2,26,27,-1,-1,-1,1,0,1,,-1.0131592304229997e-05,,,,
273d4e72b01d53cf,0,14,8,6,10,2,1,1,0,-1.600505558684422,-1.5629368781690487,0.058197305449484676,-0.21380889799717206,-0.3337191859563937,-0.3236074857274581
275e9cfb52fd59de,0,12,8,1,14,9,1,1,0,0.007127584374103879,0.12727462194093242,0.4167173600641021,0.2971007299702048,0.2736251826473738,0.2735974585982025
2777ce9cfe665ad6,3,19,20,17,20,1,1,0,0,-0.0003108637665398817,-0.0003108637665398817,0.7017357375583403,0.08303370123073452,-0.14102440506309327,0.01916271025842832
2796d5f962875a20,3,14,9,13,9,1,1,0,0,1.657555662096244e-05,1.657555662096244e-05,0.11715548640348261,-0.061437336186697326,0.06839541459778672,0.17881346205180176
27d3a84b2d335113,2,13,0,-1,-1,-1,1,0,1,,3.223411133512874e-06,,,,
2840205769d65c01,3,1,-1,-1,-1,-1,-1,0,0,,,,,,
28a9f1a2abfe555c,3,4,0,2,0,1,1,0,0,0.00011182901499556808,0.00011182901499556808,0.1565967492322981,-0.02455116671723812,-0.02016591810652936,0.029344980013242598
291db523bb115ccf,1,16,24,-1,-1,-1,1,0,1,,-8.852075822662897e-05,,,,
2a89f35c7f5e55de,4,15,3,9,8,4,1,1,0,0.0,-6.618811858352279e-05,0.010771719096361224,-0.008569179020149267,-0.008569179020149267,-0.008569179020149267
2ababb1ca1ba5637,1,17,3,-1,-1,-1,1,0,1,,0.00012872512789918744,,,,
2abb6fcc99585318,4,20,-1,-1,-1,-1,-1,0,0,,,,,,
2b32a9f406845f75,4,12,2,12,2,1,1,0,0,-3.806486467696913,-3.806486467696913,0.0034219581389365317,-0.08204999073895891,-0.571456540805917,-0.6132192832285136
2b3f24482a765ccc,4,5,-1,-1,-1,-1,-1,0,0,,,,,,
2bdb803d07605094,4,6,23,4,22,2,1,1,0,-0.00011608423180878161,-0.00011608423180878161,0.12719269326590044,0.016489865715216667,0.04372566920065609,0.04384964583565394
2bf633d593a957ad,2,11,-1,-1,-1,-1,-1,0,0,,,,,,
2c572f2c1c485fc0,1,16,-1,-1,-1,-1,-1,0,0,,,,,,
2c9450a5449e52fa,4,9,6,5,6,1,1,0,0,-0.0005310452297329904,-0.0005310452297329904,0.03524075202430915,0.044547568316248155,-0.38498553009682973,-0.43114536168597883
2cfe30b626795e99,2,7,10,3,16,4,1,1,0,1.053713984659768,-0.18940308858485655,0.24684425343671518,-0.01780850029348341,0.004110162780350566,0.001876518708070339
2d4f708394ef542e,1,2,-1,-1,-1,-1,-1,0,0,,,,,,
2d691673d2a75468,1,5,9,3,2,2,1,1,0,1.347258633455084e-05,-0.0005493406044321247,0.026246096024412705,-0.26069983951989273,-0.9061920594165088,-1.0111409484658616
2d79aaf4c8d6582e,3,9,21,2,21,1,1,0,0,0.0,0.0,0.03935586576939036,-0.042039112038469106,-0.042039112038469106,-0.042039112038469106
2d8cf993fd4159e2,2,12,2,-1,-1,-1,1,0,1,,-0.0050927070549839915,,,,
2daba893c5535189,4,4,-1,-1,-1,-1,-1,0,0,,,,,,
2e3481cf5ec35baa,0,14,-1,-1,-1,-1,-1,0,0,,,,,,
2e5568e60278518f,3,16,-1,-1,-1,-1,-1,0,0,,,,,,
2e91c253ccb958d1,3,16,3,2,3,1,1,0,0,-6.759409550577411e-05,-6.759409550577411e-05,0.06391257438806897,-0.0394050494065771,-0.0456741396917903,-0.037806201513306846
2f19f98982615f60,4,11,-1,-1,-1,-1,-1,0,0,,,,,,
2f2543566c675f13,2,11,1,5,1,1,1,0,0,4.0812372416265674e-05,4.0812372416265674e-05,0.0920906217169804,-0.030298933072655583,-0.08445404385412243,-0.0923533119945606
2f4a06067a6f5d7f,3,3,-1,-1,-1,-1,-1,0,0,,,,,,
2fdb08ec2f205723,2,17,-1,-1,-1,-1,-1,0,0,,,,,,
2ffe7083e279569c,0,15,3,14,3,1,1,0,0,0.00016050723339500195,0.00016050723339500195,0.0759099948208489,0.0630176207662971,0.22103344660567611,0.14869026503736293
30a3163cf0805a69,0,4,1,3,27,2,1,1,0,-1.2326034615412576,-1.2324926170708386,0.23519126088627346,0.1371408818602447,0.5748511917735908,0.5972581439285762
30c657863dc05485,4,9,2,5,24,3,1,1,0,2.0204693938518643,2.020336450465309,0.06563986105411196,-0.07367769520743149,1.072874331815208,1.1134521899989713
30e193cab0fc5a5d,0,9,-1,-1,-1,-1,-1,0,0,,,,,,
3152efff212c51ff,1,3,1,3,1,1,1,0,0,-0.010228717434942247,-0.010228717434942247,0.2935946569372989,0.16568558239458317,0.07613043817325635,0.09973342963601765
31d6d7b013a75d29,0,17,9,6,9,1,1,0,0,0.0001595312765800827,0.0001595312765800827,0.15739992756858354,-0.10738443188994276,-0.2403831257095861,-0.18357364714200108
31e5a1e6febd5acb,1,12,4,4,4,1,1,0,0,0.0022942917462438484,0.0022942917462438484,0.10012623721807112,0.019528038239878573,-0.03695275238790826,-0.10674762820956778
321b3f53510c5059,2,7,-1,-1,-1,-1,-1,0,0,,,,,,
326079b8c9395f39,2,1,23,1,23,1,1,0,0,-0.0004300676556301397,-0.0004300676556301397,0.09813942501087172,-0.053651181954805977,0.10141794759152839,0.09883284704142495
327472f9f4b755a7,0,12,-1,-1,-1,-1,-1,0,0,,,,,,
327d5cdfdd695e7e,1,17,3,-1,-1,-1,1,0,1,,0.00011524857694755752,,,,
32b190836fd35675,4,7,17,3,19,3,1,1,0,-0.0005642063404899091,4.21013753162695e-05,0.0165178253023395,-0.0074811960566248765,-0.09526449137222517,-0.09031210211144988
330fd7f2e3aa5f55,4,26,19,-1,-1,-1,1,0,1,,5.4576332867145496e-05,,,,
33cd12f0c4a75e41,3,16,-1,-1,-1,-1,-1,0,0,,,,,,
343925e5442554f5,0,4,9,2,9,1,1,0,0,-0.00011903538778423872,-0.00011903538778423872,0.5838481226295662,0.3041924600587267,0.3736443440031495,0.3767685078056343
351a31864bda5923,1,12,9,7,9,1,1,0,0,-0.0003158109522206354,-0.0003158109522206354,0.1666088868814431,-0.15789846587556994,-0.18550072024451703,-0.13240031902390925
35695122c3535595,4,12,-1,-1,-1,-1,-1,0,0,,,,,,
3584e6b997845f86,4,27,-1,-1,-1,-1,-1,0,0,,,,,,
359105de514f5258,2,12,9,-1,-1,-1,1,0,1,,-0.00038073421872697466,,,,
35c70713d92251fc,0,12,17,-1,-1,-1,1,0,1,,0.0,,,,
366e33370f605634,0,4,28,1,12,4,1,1,0,1.232678677245695,1.2326923098775557,0.09554832987240236,0.09853820677966275,-0.02253334713874036,0.008052845403440811
36857cb219845df9,0,14,7,12,7,1,1,0,0,0.00013242636164667587,0.00013242636164667587,0.011150599744162243,0.028753014406428443,0.3507405859052262,0.2718701811100036
369040b3134c5769,0,17,-1,-1,-1,-1,-1,0,0,,,,,,
36ba502aa1eb5ecd,4,14,-1,-1,-1,-1,-1,0,0,,,,,,
37c65539bccb5da7,2,18,19,7,19,1,1,0,0,3.19452974479645e-05,3.19452974479645e-05,0.30967552804893284,0.130424363838848,0.12759153683178828,0.193072282153877
38eeabce6a485364,2,15,-1,-1,-1,-1,-1,0,0,,,,,,
39346eef49ad52a6,1,16,2,-1,-1,-1,1,0,1,,-1.8276321345854374,,,,
399cc87ac7c55646,3,16,22,10,23,2,1,1,0,0.0005082323875802105,0.0005082323875802105,0.26472723035877754,0.00841095183450184,0.057956562716251256,0.125299208295773
39dca464ed145043,0,17,3,-1,-1,-1,1,0,1,,1.3998703285889036e-05,,,,
3a223e65af13545c,0,7,1,4,1,1,1,0,0,1.6616739350611343,1.6616739350611343,0.7360791112853133,1.0171702435192622,1.126085764257121,1.125375722472374
3a46193d097552cd,4,16,9,-1,-1,-1,1,0,1,,0.0008605283550969234,,,,
3a4fd1d48a995545,0,12,19,8,19,1,1,0,0,0.014261765146213357,0.014261765146213357,0.3629425684112401,0.32605039942711356,0.8645377122352943,0.8301659006850076
3acad4250aca5326,3,12,23,-1,-1,-1,1,0,1,,0.0010598421217871135,,,,
3c6c3ba8c08e581a,1,16,-1,-1,-1,-1,-1,0,0,,,,,,
3c9d60b02bfb51c0,0,17,9,16,9,1,1,0,0,-0.0004975407660006148,-0.0004975407660006148,0.20198590336690458,-0.12119981729281143,-0.018833408905118768,0.028788048273165612
3cd8e7898e005bc4,3,8,-1,-1,-1,-1,-1,0,0,,,,,,
3d35dcf889f65305,3,14,-1,-1,-1,-1,-1,0,0,,,,,,
3d56147a52d550b3,4,17,3,17,3,1,1,0,0,0.00019048074111349678,0.00019048074111349678,0.16678064051749308,-0.031765126775074586,-0.0519582776789167,-0.012619520615851698
3d5f4f15e1f053cd,3,4,-1,-1,-1,-1,-1,0,0,,,,,,
3d78c0894c67503b,4,17,19,12,21,2,1,1,0,-0.00020570409038336932,-6.056209513917443e-06,0.0360045997023114,0.03594758706485593,0.03743381177836441,0.03292698313343228
3da38924ebd45f50,0,10,1,4,1,1,1,0,0,1.7286877593049779,1.7286877593049779,0.2897989109508466,0.4846372404412494,1.5700530611562562,1.6464979617345301
3dae82a193c9501b,2,17,-1,-1,-1,-1,-1,0,0,,,,,,
3e07748ebae855b8,2,12,23,8,2,2,1,1,0,-0.00014807218345813406,-2.1420662570744223e-05,0.1455972476449737,-0.07835221420790556,-0.2247738803207676,-0.2005402010159159
3e1e8ae126d0578f,0,15,-1,-1,-1,-1,-1,0,0,,,,,,
3e1f06aa9ff354c9,0,17,3,12,3,1,1,0,0,0.0003580765151420806,0.0003580765151420806,0.08729425078609329,0.026358467301641073,-0.17334489744927914,-0.07142948749468961
3e3a2d672dfb5b51,0,6,6,5,6,1,1,0,0,-1.987346634269027e-05,-1.987346634269027e-05,0.16676121227090313,-0.013658635254988142,0.04955946042847281,0.047018272182250014
3e940b9ccdf456b7,0,17,3,8,3,1,1,0,0,-0.00983716126978429,-0.00983716126978429,0.05581520165752296,0.03818383670517157,0.47936886100229426,0.594694460125694
3effd9932b505526,3,4,9,-1,-1,-1,1,0,1,,-0.0005002665493637323,,,,
3f0c33142293536e,1,11,19,9,19,1,1,0,0,0.0,0.0,0.1759833801899673,-0.016931838450246758,-0.016931838450246758,-0.016931838450246758
3f51b8b92c3b52cf,3,18,9,8,9,1,1,0,0,0.0003213510554285204,0.0003213510554285204,0.37391096922030465,0.003071078395353314,-0.21337085088535843,-0.05141685764904724
3f68aa4cebd65ce8,3,21,23,3,23,1,1,0,0,-0.0006958824434317649,-0.0006958824434317649,0.1727381425291408,-0.018466695048261903,-0.07993212354751,-0.052215868104010355
3fabf2e29e5f5fc4,0,18,22,12,23,2,1,1,0,0.00018023279328005515,0.00020328318849216487,0.050591719152883546,0.02710008158765905,-0.06313358825722382,-0.08153347406228892
4082f94c512b5d1f,0,14,23,10,23,1,1,0,0,-0.00014774904392167443,-0.00014774904392167443,0.05384107891472045,0.06237464660863763,0.044633805848334165,0.039081629280793534
40d5b1af93cf50e4,0,12,4,7,1,2,1,1,0,-0.0002790763511513472,8.93150708446977e-05,0.020832545689379756,-0.0408090925016903,0.06323499201695779,0.034956064736311084
40e3009527ee5be5,3,16,5,-1,-1,-1,1,0,1,,0.00040748283686098397,,,,
4132da23bf54566f,4,17,1,-1,-1,-1,1,0,1,,0.0012187561772414313,,,,
418e74ddfb5f5ca0,3,12,5,-1,-1,-1,1,0,1,,-0.002778525312245428,,,,
41fdae5fd40d5324,3,19,22,-1,-1,-1,1,0,1,,-4.6419141395137586e-05,,,,
420b77ddd4f052b3,3,18,-1,-1,-1,-1,-1,0,0,,,,,,
421dd5398e885a27,0,18,22,-1,-1,-1,1,0,1,,-0.00011464735288172975,,,,
42e1302d4d595015,1,24,23,-1,-1,-1,1,0,1,,-3.214230805159701e-05,,,,
431f7c6b100d5249,4,8,21,4,21,1,1,0,0,-9.228673037142698e-05,-9.228673037142698e-05,0.2740727649917469,0.03310275023558566,0.020277939955162604,0.026892701719846132
43557bbc55b85aa6,4,6,-1,-1,-1,-1,-1,0,0,,,,,,
436d539f02525dbf,1,9,-1,-1,-1,-1,-1,0,0,,,,,,
43f8bc12d54d5cef,3,2,-1,-1,-1,-1,-1,0,0,,,,,,
440a7c7dd1395be4,2,17,22,12,22,1,1,0,0,0.005498093330710496,0.005498093330710496,0.3464565185401473,0.0795708657337044,-0.32923733079770234,-0.22790814783945298
441987f47a6f5784,1,9,-1,-1,-1,-1,-1,0,0,,,,,,
447b5889e4005e16,4,5,-1,-1,-1,-1,-1,0,0,,,,,,
44ae005ad8b25d52,4,10,-1,-1,-1,-1,-1,0,0,,,,,,
452d348a65ac59f3,3,11,-1,-1,-1,-1,-1,0,0,,,,,,
45389fbdea6657a0,0,10,6,10,6,1,1,0,0,-0.00032883506886438596,-0.00032883506886438596,0.05115423176304604,0.007990966366270984,0.2965372650488857,0.2199716340821655
460cfd36104e5450,2,16,6,-1,-1,-1,1,0,1,,-0.001754277704656193,,,,
46bf28b955d051b1,0,29,5,-1,-1,-1,1,0,1,,-0.0003345792815641069,,,,
46eb37ed09fc5718,3,22,-1,-1,-1,-1,-1,0,0,,,,,,
46f297276986585b,2,4,-1,-1,-1,-1,-1,0,0,,,,,,
46f5fac22c0b5cb0,0,5,5,4,5,1,1,0,0,-0.0008687456113751976,-0.0008687456113751976,0.0060178534605635214,-0.032732857784812885,0.06126515472422968,0.018329094823775108
470e191769275e16,2,9,-1,-1,-1,-1,-1,0,0,,,,,,
4750b9c4cfbd5d3f,0,2,-1,-1,-1,-1,-1,0,0,,,,,,
479da12f5f165e29,3,17,-1,-1,-1,-1,-1,0,0,,,,,,
47cdc9127a1e55a7,4,11,9,-1,-1,-1,1,0,1,,-0.0004928609021008779,,,,
48428a15cb2d56c8,4,5,-1,-1,-1,-1,-1,0,0,,,,,,
48ee2a6b3a4b54cc,4,8,-1,-1,-1,-1,-1,0,0,,,,,,
48fc14e048fb5fe2,1,18,23,17,23,1,1,0,0,0.00012721833586692988,0.00012721833586692988,0.13772132931757214,0.004444560494350229,0.01184770930782096,-0.011597387928283838
48fd1a7abb7c59a6,0,19,23,6,2,2,1,1,0,-0.00020503198169175008,-0.0003539639446881182,0.21384664537024498,-0.0306346491505455,-0.023285061161134716,0.01804177960552767
49677b3a648b58be,4,28,-1,-1,-1,-1,-1,0,0,,,,,,
49f109b9cca4567a,4,8,-1,-1,-1,-1,-1,0,0,,,,,,
4a1db4bffda6552f,4,16,-1,-1,-1,-1,-1,0,0,,,,,,
4a35d5b02394561e,3,17,-1,-1,-1,-1,-1,0,0,,,,,,
4a42412827f55dc1,2,16,24,7,24,1,1,0,0,0.0,0.0,0.05199140907750935,-0.05131792744936843,-0.05131792744936843,-0.05131792744936843
4a475083531f544e,1,17,5,8,5,1,1,0,0,0.0005351796336472425,0.0005351796336472425,0.015295741761631593,-0.12905987665455196,-0.1789358345051261,-0.1856946775658674
4a90f1c8ef895e13,3,12,2,5,24,2,1,1,0,-8.079872835078244e-05,-0.00028515581056126355,0.12809401532955816,-0.016610071153088556,-0.007440338810563055,0.009855791595747912
4aa6a5b42a9d5a1a,1,4,-1,-1,-1,-1,-1,0,0,,,,,,
4ac48ad526735073,4,15,1,14,1,1,1,0,0,0.0003725693814456421,0.0003725693814456421,0.1935467795769919,-0.018222531399934017,0.08749988507625373,0.1232865294767283
4ace61964e9f5b4b,4,5,-1,-1,-1,-1,-1,0,0,,,,,,
4b308d5a04d05498,4,17,-1,-1,-1,-1,-1,0,0,,,,,,
4b30de14589f513c,0,14,23,8,22,2,1,1,0,0.0002504963003098963,0.0002240603599697351,0.020999800329346202,0.10764382958817197,-0.06074910306912788,-0.09659390863337995
4b7fb448a9f35a56,4,18,-1,-1,-1,-1,-1,0,0,,,,,,
4cf854e9eadf5084,3,2,-1,-1,-1,-1,-1,0,0,,,,,,
4d08ab0578415b3b,4,6,-1,-1,-1,-1,-1,0,0,,,,,,
4d104d17dc625c04,4,8,26,6,25,2,1,1,0,-0.0004376932598653127,-0.0004376932598653127,0.15105657188963317,-0.007956252444979588,0.00546939706473302,0.0016119223022975047
4d6b64ad777d51e8,3,8,9,4,9,1,1,0,0,-0.00035497374311091456,-0.00035497374311091456,0.13382230526485772,-0.045477059432490245,-0.34053904691817016,-0.29383521890204467
4d6fb0d27a0f51ce,2,7,-1,-1,-1,-1,-1,0,0,,,,,,
4db8527b43a95f0d,3,17,11,12,11,1,1,0,0,-0.00032001790143532105,-0.00032001790143532105,0.09475520421992928,0.02691777011596715,0.17454903978993705,0.2814412173080084
4efebde6623256df,0,6,-1,-1,-1,-1,-1,0,0,,,,,,
4f1e4809df7255cd,3,3,9,3,9,1,1,0,0,-0.0004685123638249935,-0.0004685123638249935,0.11596109120638542,-0.06583067235542547,-0.31864461962707624,-0.2735287382233304
4f48d8ce00c3509c,3,16,6,6,6,1,1,0,0,0.0004191477632149443,0.0004191477632149443,0.03788096763493115,-0.0033652878207937236,0.028541222281497743,0.02455536256959607
4f547ba1d6e953b1,3,17,3,-1,-1,-1,1,0,1,,-4.7124452050795185e-05,,,,
4f74e2eb505a5fd0,0,9,7,-1,-1,-1,1,0,1,,-0.24303894127057868,,,,
4f8180de60ff5016,1,16,-1,-1,-1,-1,-1,0,0,,,,,,
4fc4718214135eee,4,12,9,-1,-1,-1,1,0,1,,0.989265655384527,,,,
501128405d13533f,0,10,-1,-1,-1,-1,-1,0,0,,,,,,
506ddb4d458f5a70,0,1,9,1,9,1,1,0,0,-0.9297249210089445,-0.9297249210089445,0.21299426294952226,-0.046178427279010996,-0.22788621982603935,-0.17350602850622404
5098ce6b12fa5143,4,9,-1,-1,-1,-1,-1,0,0,,,,,,
518c0014d1a45ca8,0,13,12,9,25,2,1,1,0,2.831977549977438e-05,-0.00013040864672486663,0.1834140439796676,-0.012955027085015832,-0.062035758591489396,-0.07021482010748128
52092728a1c1574f,4,17,-1,-1,-1,-1,-1,0,0,,,,,,
5214a5118acc5d75,4,15,6,9,6,1,1,0,0,-0.0018463206470360483,-0.0018463206470360483,0.07705476928321099,-0.015420270159797503,0.16901506228076024,0.14475079088921916
524cadd627f25d7f,0,8,7,8,7,1,1,0,0,-0.2439054437735635,-0.2439054437735635,0.04393666708463834,-0.09263717732450064,-0.005796149795107355,-0.03127206186538791
53620555ea3a5d3c,0,9,21,-1,-1,-1,1,0,1,,0.0,,,,
53791dfcfb555d8b,1,13,-1,-1,-1,-1,-1,0,0,,,,,,
538923756bab555f,3,17,9,-1,-1,-1,1,0,1,,0.0007085304721989871,,,,
538f3eb865185615,3,26,19,5,10,2,1,1,0,-9.073641953261102e-05,-9.282299746971034e-05,0.31894836049447106,-0.04573808104473571,-0.2055087741580607,-0.13076721821987805
54059bb6b643525f,3,11,24,6,24,1,1,0,0,-0.0005095285788178439,-0.0005095285788178439,0.011126935583375491,-0.057850613025718756,-0.24964959033603842,-0.24250528037508762
5465043a8ae85d79,4,2,9,1,9,1,1,0,0,0.9894966626687549,0.9894966626687549,0.2690886366362399,0.028189001739512012,0.01597654910449266,0.052130615803606464
549a8da7bb0b5e8a,2,2,2,2,2,1,1,0,0,-0.9131117959951052,-0.9131117959951052,0.07383833468040031,-0.38975925435497205,-0.48181325942076686,-0.5370150138381814
54dbabed00525444,0,17,6,-1,-1,-1,1,0,1,,-0.00011966039536054351,,,,
5583fb05984f5685,2,17,2,11,2,1,1,0,0,-0.00044750133621285215,-0.00044750133621285215,0.11665104118359451,-0.06991814616655602,-0.17990783251108752,-0.10221669479145393
55a7c26fd2d35b8e,4,16,-1,-1,-1,-1,-1,0,0,,,,,,
5693aed0af7e548c,4,5,17,4,17,1,1,0,0,-2.020414070067741,-2.020414070067741,0.06633656337021299,0.07660071653820894,-0.1170812394340193,-0.11559136967178646
56e384e4189f536f,3,19,3,13,3,1,1,0,0,-1.771524733840124e-05,-1.771524733840124e-05,0.11767366958601866,0.0018453444255964865,0.10789602239238555,0.15878222295198352
5740c711ed2d5d2f,2,17,-1,-1,-1,-1,-1,0,0,,,,,,
5787abf0e35d54cf,1,12,9,-1,-1,-1,1,0,1,,-0.00035294373019167935,,,,
57a59636cde25b02,3,10,2,5,24,2,1,1,0,1.5958167911578611,1.5957976206366964,0.152442751142963,-0.007159162635918955,0.712647906834878,0.7558338603138134
581836f4f4365cc8,2,18,1,7,1,1,1,0,0,-0.00035384111877938274,-0.00035384111877938274,0.6314680991488936,0.11952465391366648,0.24485291722901772,0.3444261124224858
586dc46118d75100,0,14,9,13,9,1,1,0,0,-0.00040474789324213,-0.00040474789324213,0.27742879555935296,-0.07252252497564693,-0.4322105728406123,-0.36663914656592717
588dbd820a135056,3,6,3,5,3,1,1,0,0,0.0005023064074397565,0.0005023064074397565,0.16634610202953165,-0.009825418920578796,-0.024864302827144653,0.02826429686675317
58c0557c53635354,4,6,-1,-1,-1,-1,-1,0,0,,,,,,
58e646ea48eb59d3,4,18,22,13,22,1,1,0,0,0.00030974064748745533,0.00030974064748745533,0.4074574322979462,-0.030032985847803267,-0.12052826963731499,-0.028178175373814476
58f2e39eebc65d24,4,9,0,6,8,3,1,1,0,0.009801858139818043,0.009800787047762327,0.03163272862102761,-0.04950695512906549,-0.03581507359562135,-0.03585784907057168
594c56337e94571b,0,14,-1,-1,-1,-1,-1,0,0,,,,,,
5979437fa70f5fd8,3,2,9,2,9,1,1,0,0,-0.00016503224619679457,-0.00016503224619679457,0.11337853503427592,-0.08499399933087717,0.2684469307033245,0.32008297457908497
5991dfcee3185e01,0,15,2,15,2,1,1,0,0,-3.552210174457291e-05,-3.552210174457291e-05,0.22897578262307536,0.02969879853406421,0.1378135491728643,0.16868349079299072
59b8dea90c1b5499,1,17,3,-1,-1,-1,1,0,1,,0.0010224562064280462,,,,
59d1bd367a965623,3,19,9,17,9,1,1,0,0,0.0002097983349114152,0.0002097983349114152,0.39568768546755895,-0.024294100705087394,0.013785447687901433,0.11568101990644786
5a0bd184100f54d5,3,3,-1,-1,-1,-1,-1,0,0,,,,,,
5a67404157535f5b,3,1,-1,-1,-1,-1,-1,0,0,,,,,,
5a917f5bb8815bd0,4,2,7,1,7,1,1,0,0,0.23763340743854644,0.23763340743854644,0.1667378500895651,-0.07437085985389308,-0.22137092601491817,-0.223869873981396
5aa3112549445a00,2,4,20,-1,-1,-1,1,0,1,,-5.174224078752232e-06,,,,
5b06ed05f63a5554,2,14,3,14,3,1,1,0,0,0.0001472774073248695,0.0001472774073248695,0.09420511719853825,0.09839026524194888,0.026227277264665602,-0.02353639488100892
5b4aedf8449c54ca,0,4,1,3,1,1,1,0,0,0.001329014174267673,0.001329014174267673,0.30369811066460817,0.00977872068524219,0.09301505704006478,0.14760412188547545
5c0a063437415679,3,6,-1,-1,-1,-1,-1,0,0,,,,,,
5c921b6094c95071,2,2,-1,-1,-1,-1,-1,0,0,,,,,,
5c92fa52c5165a1e,0,19,10,7,21,2,1,1,0,2.6677810028186144e-05,-7.041046395883654e-05,0.13614732775868077,-0.007442719181982971,-0.15404828315176475,-0.17862368614225693
5d00c83bfb0c508d,3,12,-1,-1,-1,-1,-1,0,0,,,,,,
5d0c2052e0a35e3f,4,17,24,10,24,1,1,0,0,0.0017037782690954018,0.0017037782690954018,0.39333654800360646,0.1133914376610515,-0.14840452474169788,-0.08977051041223336
5d64681dd478516a,4,27,-1,-1,-1,-1,-1,0,0,,,,,,
5da895ba0a415a80,2,16,6,-1,-1,-1,1,0,1,,-0.0020260254189370386,,,,
5db6ae467e8f530f,3,1,-1,-1,-1,-1,-1,0,0,,,,,,
5e16781ce6685597,2,12,9,4,9,1,1,0,0,0.9893989870341495,0.9893989870341495,0.11196107574940097,-0.08623712953344753,-0.07477148740830027,-0.028553274910201126
5e6ab34948a9514f,3,15,2,12,2,1,1,0,0,0.002017144269123694,0.002017144269123694,0.4339535235807815,0.05569232400744485,0.03174970931811534,0.06246412881176289
5eae283cb1b95a45,0,6,25,4,25,1,1,0,0,0.00021139208469539883,0.00021139208469539883,0.16880198592320705,0.0061142925815621035,0.13714374296756227,0.13754235112992075
5f01892cbea95932,2,14,-1,-1,-1,-1,-1,0,0,,,,,,
5f4392860e5752ce,1,6,24,5,24,1,1,0,0,-0.00046456240278203165,-0.00046456240278203165,0.222149187005187,-0.09254787050588073,-0.21958008114908711,-0.18926543138599272
5f60684cc6045646,3,17,2,2,2,1,1,0,0,-0.9895701892308891,-0.9895701892308891,0.029946972912350156,-0.008635258626844484,-0.1389181974409042,-0.07733257043124159
5f9c0089a0a355fe,2,1,-1,-1,-1,-1,-1,0,0,,,,,,
5fde760ec9f05c3d,1,16,22,7,20,2,1,1,0,6.991243225051846e-05,-0.0001297025804172236,0.45243854866433925,0.0206970403970919,-0.0936554041987728,0.06486358725737634
6004adf688695a08,3,17,9,14,3,2,1,1,0,-0.000410470519215167,-0.00019609272740783723,0.15849349869807527,-0.07596738107029875,-0.005077099466968188,0.05972198097990079
60183447caa4548b,2,17,3,-1,-1,-1,1,0,1,,-6.448373179882786e-05,,,,
606e5b5125985e1f,1,12,-1,-1,-1,-1,-1,0,0,,,,,,
60bd62401d0857f9,0,15,22,8,22,1,1,0,0,-5.674398746347009e-05,-5.674398746347009e-05,0.23395181210833113,-0.01219350793858418,-0.09619387929090795,-0.081989999920419
6110193eb32f5ad4,0,17,-1,-1,-1,-1,-1,0,0,,,,,,
613662b53d9a5ae7,4,12,-1,-1,-1,-1,-1,0,0,,,,,,
618892326e0c530e,2,24,17,24,17,1,1,0,0,-1.1183486133825582e-05,-1.1183486133825582e-05,0.07531431451466508,-0.02325137318249472,-0.04146039979838476,-0.050155879711130495
621fb14952d45fbc,1,2,2,-1,-1,-1,1,0,1,,-1.793281329542026,,,,
6281e79a633155a3,4,12,24,5,25,2,1,1,0,0.0014172612654294314,0.0014172612654294314,0.14940289004613153,-0.025429057306281873,-0.33114138486206407,-0.3325329790431569
628e147a02bf5128,2,15,2,-1,-1,-1,1,0,1,,0.00017715641876420163,,,,
629734efb5f5564c,4,20,10,15,10,1,1,0,0,0.0004178750086341054,0.0004178750086341054,0.1707049247538192,-0.01902140356969312,-0.09409932462091561,-0.04699903669950764
62f95fe3004d54c9,4,3,26,1,3,2,1,1,0,0.00034877659976473296,0.0002856012105940664,0.0553627632462817,-0.06258270193402589,-0.07768789460275523,-0.07775665302800472
630c3828efa0518a,2,17,-1,-1,-1,-1,-1,0,0,,,,,,
633d93f8f6bc51b5,3,5,-1,-1,-1,-1,-1,0,0,,,,,,
63464806708f5d70,3,3,-1,-1,-1,-1,-1,0,0,,,,,,
637d23f7438f50f6,3,17,9,6,9,1,1,0,0,0.00035218214355414723,0.00035218214355414723,0.14363493550694809,-0.00813329942400968,-0.21171139999951952,-0.15940105066493826
63d0c4a8acfa5fc2,2,1,-1,-1,-1,-1,-1,0,0,,,,,,
6429eb85b6ba5938,4,17,6,16,6,1,1,0,0,-4.805480735781131e-05,-4.805480735781131e-05,0.42758568957603904,0.059982896240711535,0.2004500969902906,0.1946438240053822
642e382b50db5133,4,17,9,-1,-1,-1,1,0,1,,0.9895227806188629,,,,
648d283b25fa50d1,0,4,23,2,23,1,1,0,0,-0.0001290052613243456,-0.0001290052613243456,0.2530075331405964,-0.03499785418358672,0.20315314869887113,0.30001692246782186
64fe109ec6a858ec,1,24,14,23,14,1,1,0,0,-0.0001836422961903738,-0.0001836422961903738,0.10309033211811743,-0.03216939459199772,0.023765785600663315,0.030395861515813416
650894e30d725ba8,0,14,-1,-1,-1,-1,-1,0,0,,,,,,
651762602ed854bf,0,1,-1,-1,-1,-1,-1,0,0,,,,,,
6596827fb10b569a,0,23,1,-1,-1,-1,1,0,1,,0.0005793339748345616,,,,
65f00228b6bc54b5,1,17,-1,-1,-1,-1,-1,0,0,,,,,,
65f6f0aad1645746,1,15,-1,-1,-1,-1,-1,0,0,,,,,,
667054412512521b,3,11,9,10,9,1,1,0,0,-0.00010643603205681695,-0.00010643603205681695,0.03526535537068541,-0.02590477354665696,-0.03305047957763022,0.01489482707747981
669d54218ee75215,4,2,1,1,1,1,1,0,0,3.765455192187791e-05,3.765455192187791e-05,0.033113706414631565,-0.03125104301634359,-0.2042501354824453,-0.2310653852408954
66a39f4cabc85bc4,2,14,6,5,2,4,1,1,0,-0.0001536196351051844,-1.1789312648981811,0.04423831711234191,-0.056178520184142544,-0.0357342644920256,-0.04472328099086567
66da55b392b45a5d,4,21,17,3,17,1,1,0,0,0.00016681582629662906,0.00016681582629662906,0.1806756273563497,0.17095584061496766,0.174337544824554,0.22694344971903457
6715d16e80075f55,4,12,3,2,3,1,1,0,0,-0.00017848192839853283,-0.00017848192839853283,0.16444108994370268,-0.008395555582896903,-0.009769823622592558,-0.00294433414430296
671ff8b7146358da,4,10,20,7,20,1,1,0,0,2.0199987096356575,2.0199987096356575,0.32897686925000413,0.05405521804050613,0.5749207002687257,0.575326625106859
67a57ae417045162,3,4,-1,-1,-1,-1,-1,0,0,,,,,,
683e8d239bf75a5d,2,17,22,-1,-1,-1,1,0,1,,-0.00015954406317320036,,,,
684af4044c445d01,2,4,9,4,9,1,1,0,0,-6.066455971449631e-05,-6.066455971449631e-05,0.07824356592442179,-0.07307416237460707,-0.1894266042844493,-0.141102250516637
68e20734e9415e24,1,4,9,-1,-1,-1,1,0,1,,-8.91803213395187e-05,,,,
69244009b6eb50bf,4,13,17,-1,-1,-1,1,0,1,,-4.581917114554468e-05,,,,
696a489252f453fb,4,3,-1,-1,-1,-1,-1,0,0,,,,,,
6988613e2a3557be,1,17,-1,-1,-1,-1,-1,0,0,,,,,,
698c37f393b852d6,2,14,-1,-1,-1,-1,-1,0,0,,,,,,
69a069b9a6985aaf,2,15,7,11,7,1,1,0,0,0.00017445414308459029,0.00017445414308459029,0.16341190455139612,-0.07139186315221965,0.011861716577912282,0.0071697868584541385
69f12cf621135ce3,2,17,-1,-1,-1,-1,-1,0,0,,,,,,
69f3980cf2db525c,4,16,2,-1,-1,-1,1,0,1,,-0.00019636941166822908,,,,
6a35a43b5e295b97,3,16,3,-1,-1,-1,1,0,1,,9.041018076239027e-05,,,,
6a35bb3d0b895433,4,24,22,-1,-1,-1,1,0,1,,0.0033963359457440667,,,,
6a860de43c125dbf,1,17,9,17,9,1,1,0,0,0.00013104936927543775,0.00013104936927543775,0.20493255844968775,-0.020733820051270904,-0.0047644021570160434,0.11442787502636954
6b416b289a3b5858,4,16,6,4,12,3,1,1,0,-2.020299874079134,-0.00010571956639182645,0.1211107504616159,0.14435372651690356,-0.3672232331222901,-0.3686145833761344
6b5577a2a92d5e63,1,14,4,-1,-1,-1,1,0,1,,-4.862848371267603e-05,,,,
6c6d30fe3b6e59f0,4,23,9,5,9,1,1,0,0,1.0326532647209063e-05,1.0326532647209063e-05,0.08726149597941253,0.06500935049327752,0.06794979975789517,0.06364391476205397
6c82dcb2637f5ad4,0,3,9,2,9,1,1,0,0,-0.0003719746213523001,-0.0003719746213523001,0.254706379729819,-0.008926668399538897,0.4250313715423205,0.48258567453664697
6c95d9b03b7a5944,1,6,10,5,10,1,1,0,0,-0.0025507494289427335,-0.0025507494289427335,0.09650103502282224,-0.16555931540852467,0.026261211990244726,0.08865543819003222
6d5d40bcf2f153a8,1,28,11,28,11,1,1,0,0,0.00146313439374062,0.00146313439374062,0.30563153831039624,0.04693156707531004,0.028369770703617684,0.13971448002343068
6db53a1807af5a90,0,13,-1,-1,-1,-1,-1,0,0,,,,,,
6e075e93bd485b81,0,10,-1,-1,-1,-1,-1,0,0,,,,,,
6e9b901524355c0b,4,21,21,-1,-1,-1,1,0,1,,-0.00014058176156361846,,,,
6ed7b0d3fc715d28,3,11,8,11,8,1,1,0,0,0.0009856917359167827,0.0009856917359167827,0.5592998637577578,-0.06961207781528286,0.11387030135950843,0.11644804210546986
6f319806306450c0,3,17,9,11,9,1,1,0,0,-0.00012574573676671363,-0.00012574573676671363,0.14362139951022668,0.01017431425830735,-0.3884312331216573,-0.3342559428032155
6f8bc109eabc5ad5,0,4,19,2,19,1,1,0,0,-4.585174424573402e-06,-4.585174424573402e-06,0.03328431236449239,-0.004795137743934571,-0.016757721985985848,-0.012024653916593768
6fc9e653b0ee5565,0,12,10,6,27,3,1,1,0,-0.00010790260161730458,-0.00017160955206474426,0.19800143916076113,-0.05618334628902234,0.1678195186404205,0.2180395721931898
70a67a5dedae584b,0,23,22,12,24,2,1,1,0,-0.00014467565938830376,0.00020503079220652578,0.030187744954249807,0.043560796452183824,0.1351204330591939,0.14536729131436227
70b54ac4d8ae56de,2,1,-1,-1,-1,-1,-1,0,0,,,,,,
70c45003ec3e527b,0,1,9,1,9,1,1,0,0,-0.0006647571086881854,-0.0006647571086881854,0.04956968022950637,-0.13748417770109567,0.0008539052827405968,0.04923522813299053
70f797bbed2158f6,4,17,-1,-1,-1,-1,-1,0,0,,,,,,
713177596893526a,2,23,1,1,1,1,1,0,0,0.9896099772717105,0.9896099772717105,0.3351266791047002,-0.028815282895908803,0.009776586420643496,0.08155791941531451
71589a780d925ed6,2,17,3,-1,-1,-1,1,0,1,,0.9912868022998795,,,,
71dfd904537f5299,2,6,-1,-1,-1,-1,-1,0,0,,,,,,
72eb13d3a4255179,2,1,-1,-1,-1,-1,-1,0,0,,,,,,
73458ba61f445d19,0,16,9,11,9,1,1,0,0,-2.754281880346099e-06,-2.754281880346099e-06,0.06920677740633147,-0.061770231552315064,-0.08329653764761995,0.04297956400153469
73963278f6eb5002,1,10,18,-1,-1,-1,1,0,1,,0.0,,,,
73cd1e45d87156ee,1,18,23,12,22,2,1,1,0,0.0004529736135152618,0.000388450409076313,0.2944829599515611,0.04324894061793716,-0.1146765016192961,0.018840802548905463
7418da8c04e85efb,4,7,1,-1,-1,-1,1,0,1,,4.00804797271723,,,,
742976289d405b0d,1,17,-1,-1,-1,-1,-1,0,0,,,,,,
7449973a63d255af,4,9,-1,-1,-1,-1,-1,0,0,,,,,,
7476e5ad4711587f,3,9,3,-1,-1,-1,1,0,1,,-9.649557229707284e-05,,,,
74bb5ba3f6a75df3,3,8,-1,-1,-1,-1,-1,0,0,,,,,,
75fd8a14d25350e5,2,12,14,7,14,1,1,0,0,6.06032689663456,6.06032689663456,0.04514352528794116,0.1343404675354907,1.1163348645620657,1.2047626250886028
761122460ac451ca,4,28,17,27,17,1,1,0,0,0.0023181671525582814,0.0023181671525582814,0.10830056617782644,-0.04947280913134673,0.24534646328962773,0.28405340638545656
7647b4788f795d71,0,1,1,1,1,1,1,0,0,0.0035336643615271335,0.0035336643615271335,0.2369589393802825,0.005543435643397154,-0.2864541924178065,-0.2259520200125899
767b810b38de5665,2,10,-1,-1,-1,-1,-1,0,0,,,,,,
77d52cd328e05b79,3,6,12,2,6,2,1,1,0,-0.008552443997439596,-0.0012133296082392775,0.05458958533892681,-0.19030688476613444,-0.09082259795732894,-0.1695932560985484
77e69dcde5805f89,2,17,-1,-1,-1,-1,-1,0,0,,,,,,
77f9220d917b52d0,0,12,1,-1,-1,-1,1,0,1,,0.9964797705322503,,,,
78823d4302645d60,4,12,-1,-1,-1,-1,-1,0,0,,,,,,
78a96b59eca751e7,3,16,5,14,5,1,1,0,0,0.0035972677305342593,0.0035972677305342593,0.030903347527003217,-0.004522987805391773,-0.0538926444867074,-0.09029627115119612
78dae1caad5656a7,2,15,17,14,17,1,1,0,0,0.00012827663570642465,0.00012827663570642465,0.008300177152345364,0.04223598323526685,0.11074638109015789,0.035669372595155964
799dcf813dba5d8a,1,6,4,6,4,1,1,0,0,-0.003188489996641869,-0.003188489996641869,0.018021054776701684,-0.09623466267511868,-0.7459634446522223,-0.8320406858614996
79a3cfc7d4535d5f,1,14,25,6,25,1,1,0,0,0.003068311465525664,0.003068311465525664,0.41444193231459747,0.022628821110373856,-0.026161525791151594,0.058597512757354815
79a429b2a2b450e7,2,17,3,-1,-1,-1,1,0,1,,4.5840236171379445e-05,,,,
79e0120026c25eed,2,2,-1,-1,-1,-1,-1,0,0,,,,,,
7a1756cf8f7a566e,4,13,2,1,2,1,1,0,0,-0.002361465603113011,-0.002361465603113011,0.37353327696376715,0.18104216857988423,0.17607772436018188,0.1763135524398451
7a90e31caaa35114,1,11,23,11,23,1,1,0,0,-0.00024712731484388684,-0.00024712731484388684,0.0008446797225420688,0.007792557094460343,0.05797883099791609,0.053439252890531315
7a9a7b86210b5dc4,1,17,3,11,3,1,1,0,0,-0.0001631911307573286,-0.0001631911307573286,0.12230143293127271,0.10405793744860473,0.07152625969684057,0.001593521735538811
7b1eb807d4d95132,1,17,6,15,6,1,1,0,0,-0.001243818229436866,-0.001243818229436866,0.06199501757426065,-0.12091072354488844,-0.11917166710222937,-0.12395965127322109
7b6dfa3d4bc553a9,1,15,15,14,15,1,1,0,0,0.0,0.0,0.14077452276832442,-0.020114919239983438,-0.020114919239983438,-0.020114919239983438
7c39359aaa345e52,2,11,9,11,9,1,1,0,0,0.00043774992538837994,0.00043774992538837994,0.13756595973536678,-0.07931087455689126,-0.15437937728854828,-0.1263327363290451
7c467941fb3d5524,3,11,19,9,19,1,1,0,0,0.0,0.0,0.020514226077126288,-0.04225889330997362,-0.04225889330997362,-0.04225889330997362
7c8389cb32f25aed,4,10,1,8,1,1,1,0,0,1.7302572846444377,1.7302572846444377,0.2603238397963863,0.43380218613445687,1.0949715576337238,1.1381388897585611
7ca96f8e844f56ca,0,15,20,10,1,3,1,1,0,3.506334125935595e-06,3.252210966228601,0.17352502681266496,0.009889324196921888,0.04100697756178729,0.04092209223582304
7d363b1db0fc5975,0,11,5,3,1,2,1,1,0,0.012868133672885751,-0.9769596037015144,0.01956020120821228,0.06519660573665068,0.13188000103537978,0.18606840787539752
7d8759e340975895,2,12,14,12,14,1,1,0,0,0.00013285990655420576,0.00013285990655420576,0.13693175551614817,0.030701925552864315,0.0358370972899855,0.04708289055232805
7defa49de9415496,3,5,9,-1,-1,-1,1,0,1,,-0.000493478185098047,,,,
7ef659e1786d5ef0,2,1,-1,-1,-1,-1,-1,0,0,,,,,,
7f9f132592f45a84,3,25,14,23,14,1,1,0,0,-0.000653486872685613,-0.000653486872685613,0.5086064863817903,0.07147905122946537,0.22594333551198614,0.38731457936445696
7fb1a51c02db514e,3,18,-1,-1,-1,-1,-1,0,0,,,,,,
7fc2b30cb72a5d56,2,9,-1,-1,-1,-1,-1,0,0,,,,,,
80bebabe4c6f5627,4,14,9,-1,-1,-1,1,0,1,,-0.0004784055048858704,,,,
80c337fb67145ff6,0,29,20,20,20,1,1,0,0,0.00020890609137680372,0.00020890609137680372,0.16774801155484736,0.11805001890507956,-0.5654655499353407,-0.5011164148437798
81195788481d5844,1,17,-1,-1,-1,-1,-1,0,0,,,,,,
82bcaf16eea459db,3,24,1,15,1,1,1,0,0,-0.00011574440002441407,-0.00011574440002441407,0.06160663968103894,-0.19050918038289366,-0.20121923902573788,-0.14848111390641278
83aa0b7439d45dd8,2,5,-1,-1,-1,-1,-1,0,0,,,,,,
83af8eb803795f59,4,16,-1,-1,-1,-1,-1,0,0,,,,,,
83d128720881565a,0,17,3,12,3,1,1,0,0,-0.000577886478602796,-0.000577886478602796,0.05243548881812632,-0.17126729515695682,-0.0861352538826575,-0.02947412631934701
84130118c5ec5189,4,1,-1,-1,-1,-1,-1,0,0,,,,,,
842b7f0b68fc5245,1,16,20,7,0,5,1,1,0,-4.951341851833213e-05,1.2322185659539886,0.03418408884149099,-0.08916409416530208,-0.13268591969549312,-0.13244402962268514
84ed4f2cc4f057ce,0,14,25,7,24,2,1,1,0,1.8950668792427905e-05,1.8950668792427905e-05,0.1396234245747925,-0.0038440058903369966,-0.010576524621449446,-0.013601447724409733
8515fe3938815bd1,3,17,9,16,9,1,1,0,0,-0.00012392938693811528,-0.00012392938693811528,0.17638131192860151,0.03685076885206104,-0.10312636716684373,-0.0446415408871773
855d4a2e69115db2,3,1,-1,-1,-1,-1,-1,0,0,,,,,,
864541f05d165c97,0,2,21,2,21,1,1,0,0,7.027299320325284e-05,7.027299320325284e-05,0.1935085229851983,0.13846283895041903,0.237822841522004,0.18732636224240298
8675d815740a5a0b,2,22,-1,-1,-1,-1,-1,0,0,,,,,,
86839ab67df151f2,1,9,1,5,1,1,1,0,0,7.329354990481818e-05,7.329354990481818e-05,0.15334258293094483,-0.03120497864958027,0.11073598644857735,0.10780632813490892
86935537a5e256bd,1,3,23,3,23,1,1,0,0,-4.216529144323439e-05,-4.216529144323439e-05,0.12316134757034279,-0.10732788059942441,-0.15619078774065714,-0.1419905837321795
86abbd3f53575fd5,3,17,9,15,9,1,1,0,0,1.9791943842181936,1.9791943842181936,0.047458457586582056,0.061479874179848557,0.0744728405660468,0.131224033286681
86f569f804fb5848,3,8,-1,-1,-1,-1,-1,0,0,,,,,,
87237d7e0ff25ebb,3,1,-1,-1,-1,-1,-1,0,0,,,,,,
8724d825e1c15a99,2,18,3,-1,-1,-1,1,0,1,,0.0005389120473116016,,,,
8813e8c6790a59d3,0,13,22,6,22,1,1,0,0,0.00010857298851463248,0.00010857298851463248,0.29543256235737075,0.12836853495404305,0.2703179349934203,0.3819190943559609
8834fc612e1d524c,4,8,-1,-1,-1,-1,-1,0,0,,,,,,
884e1c90e87b5fab,2,16,7,-1,-1,-1,1,0,1,,-2.0925029926001978e-05,,,,
893f5457b66f5c0a,2,4,-1,-1,-1,-1,-1,0,0,,,,,,
899c5ed91b8c5beb,3,17,-1,-1,-1,-1,-1,0,0,,,,,,
89ec4c93349d5b58,1,25,22,17,22,1,1,0,0,-5.431908551845055e-05,-5.431908551845055e-05,0.5054108353610807,0.01831054576037675,-0.04629647247617605,0.08862341990965147
8a15e547b0d15f42,4,5,26,-1,-1,-1,1,0,1,,-0.0002700675501488149,,,,
8ad88f000c1750a0,3,17,9,-1,-1,-1,1,0,1,,-0.0005808805376524007,,,,
8aeb517756f55681,2,14,15,5,3,2,1,1,0,1.7311036214273656e-05,1.1431345063428466e-05,0.00045473817294652136,0.02827469515501346,0.044496843873803406,0.048613961581294864
8bdafd4a1d7c50eb,0,21,3,10,3,1,1,0,0,0.0008188129012006717,0.0008188129012006717,0.075166753519983,0.09467546244169443,-0.13831289249437495,-0.08689183004442934
8be5348ca3425c10,2,10,-1,-1,-1,-1,-1,0,0,,,,,,
8c1a6d183a275d96,2,12,-1,-1,-1,-1,-1,0,0,,,,,,
8c7421c1a39954dc,4,1,-1,-1,-1,-1,-1,0,0,,,,,,
8ce184b9fe795518,1,12,12,11,12,1,1,0,0,0.0,0.0,0.26971139664847066,-0.2064090888528929,-0.2064090888528929,-0.2064090888528929
8e6c888a92425ff1,0,6,1,-1,-1,-1,1,0,1,,0.00030813117888772723,,,,
8e92f84a71e85b42,4,9,-1,-1,-1,-1,-1,0,0,,,,,,
8eb1c196434e51ec,3,10,-1,-1,-1,-1,-1,0,0,,,,,,
8f090017c0c45c30,2,13,2,-1,-1,-1,1,0,1,,0.9801628914909379,,,,
8f2f7b6da7495074,0,22,6,19,6,1,1,0,0,-0.0030044126219674894,-0.0030044126219674894,0.2750697190322527,-0.03586987114742783,-0.10590269450605788,-0.10746280240818304
8f79455cf8a85fb9,0,4,-1,-1,-1,-1,-1,0,0,,,,,,
8fba4b45daa85b15,4,19,-1,-1,-1,-1,-1,0,0,,,,,,
8fbfbaa44855539e,0,16,-1,-1,-1,-1,-1,0,0,,,,,,
90003a4fe9855d90,2,21,-1,-1,-1,-1,-1,0,0,,,,,,
90244d4079fe5582,2,13,1,-1,-1,-1,1,0,1,,0.0010825669911689317,,,,
9070daa02ad0542c,2,3,-1,-1,-1,-1,-1,0,0,,,,,,
908340fb165954b2,4,14,-1,-1,-1,-1,-1,0,0,,,,,,
90efa9d50cc8521e,4,1,-1,-1,-1,-1,-1,0,0,,,,,,
91dfe4ebf3c25298,1,3,-1,-1,-1,-1,-1,0,0,,,,,,
9229af9b7f1c5848,4,17,-1,-1,-1,-1,-1,0,0,,,,,,
925cbce83b0c5797,3,16,-1,-1,-1,-1,-1,0,0,,,,,,
9389f1437d2b5fad,4,12,0,-1,-1,-1,1,0,1,,5.547304395592256e-05,,,,
93ccd00db2005d2d,2,17,-1,-1,-1,-1,-1,0,0,,,,,,
948d834b78515695,1,10,22,9,22,1,1,0,0,2.8722488693892767e-05,2.8722488693892767e-05,0.07863452263363427,0.030471284406013644,0.046609423593930756,0.03694220356494317
949849ded44f514f,3,5,-1,-1,-1,-1,-1,0,0,,,,,,
953f6386bfae55d0,4,18,17,14,17,1,1,0,0,7.98645019531221e-06,7.98645019531221e-06,0.3166235623280228,0.15332037586810277,0.09693715608256362,0.09576926425928378
95a810911ba359ec,0,11,18,1,9,8,1,1,0,-1.2317848475026763,-1.2317849212438547,0.20633582166535158,0.23762211314129553,0.3034102602452632,0.306841940833805
95e1e30a438d52cd,3,6,-1,-1,-1,-1,-1,0,0,,,,,,
9626975e16725ec8,0,20,22,-1,-1,-1,1,0,1,,0.0008604435924439713,,,,
9771a60ee60a5d27,2,5,-1,-1,-1,-1,-1,0,0,,,,,,
97b8db1dfd4f5fb3,2,18,-1,-1,-1,-1,-1,0,0,,,,,,
9857fe6079dc5b65,3,16,9,-1,-1,-1,1,0,1,,0.0003742047014063665,,,,
986b52e5fc685833,3,17,25,12,25,1,1,0,0,-0.00015336611177785286,-0.00015336611177785286,0.15544609976517515,-0.0071615107857436935,0.21265753744417515,0.25890505839359323
986bd829651151e2,4,27,-1,-1,-1,-1,-1,0,0,,,,,,
98dbc922be205d29,3,16,26,13,26,1,1,0,0,0.00022450695186848613,0.00022450695186848613,0.5185924505967953,0.10494979581398148,0.20295653167462252,0.3136318732769142
9907ad0101c45e09,0,1,-1,-1,-1,-1,-1,0,0,,,,,,
99426aa893625f69,0,7,2,-1,-1,-1,1,0,1,,-0.990559431026876,,,,
9a3e4f2df62b54fa,1,14,22,-1,-1,-1,1,0,1,,-0.00021218127441802181,,,,
9a807a00fda657be,3,4,9,4,9,1,1,0,0,-7.209880230948321e-05,-7.209880230948321e-05,0.1868845466003021,-0.0004692511794667821,-0.13769301274967974,-0.08251297754656721
9a82cf7a1636581e,0,5,2,5,2,1,1,0,0,-0.004264268382638825,-0.004264268382638825,0.07561048599679049,-0.15985361883586147,-0.05479905803766101,-0.11187646692967354
9bcb80a60af853a2,3,12,12,-1,-1,-1,1,0,1,,-0.0004041901597287012,,,,
9c0c9727fc975d7a,3,4,-1,-1,-1,-1,-1,0,0,,,,,,
9c2eb9c5b45f522b,2,29,25,12,25,1,1,0,0,3.822718737644948e-05,3.822718737644948e-05,0.07365121237382105,0.03140388928753051,0.06063247180863471,0.061663844504353596
9c5700ab41865a07,3,12,1,10,1,1,1,0,0,-0.00012508269399404527,-0.00012508269399404527,0.16348093053266446,-0.05951533624356048,-0.18591104334386832,-0.18769052366616343
9c925a1f1799553e,4,2,9,2,9,1,1,0,0,-0.9899525742542464,-0.9899525742542464,0.07159935277549649,-0.01598359722567365,-0.11895703967529554,-0.10557876195986764
9ca3798eb199579e,1,10,23,-1,-1,-1,1,0,1,,-7.272584703751916e-05,,,,
9cb860301c105ca7,0,9,20,2,20,1,1,0,0,-3.7070147320572566e-05,-3.7070147320572566e-05,0.5255746113163778,0.05377540786848012,-0.010453394584589076,-0.00917073169808745
9d1adc78bda259ce,0,10,-1,-1,-1,-1,-1,0,0,,,,,,
9d6b57b25d0e5698,2,29,28,-1,-1,-1,1,0,1,,-4.430631548166253e-05,,,,
9d7dd692cec75a40,4,17,6,-1,-1,-1,1,0,1,,-0.0009404101041611268,,,,
9d81a9a1677354a1,3,10,26,1,1,3,1,1,0,-0.0003509857108632275,-0.00040758806355301047,0.07902274669498864,-0.03278521885820656,-0.05340293377018186,-0.05737655386785914
9ddade724a6a54e2,4,16,3,10,3,1,1,0,0,0.9292438401492255,0.9292438401492255,0.010030732030408579,0.005423663768680321,0.19184636318615897,0.2613093632315743
9e4525cb8f5e5fcd,1,15,-1,-1,-1,-1,-1,0,0,,,,,,
9e720f0176b35d63,0,24,19,16,19,1,1,0,0,-9.262234168127192e-05,-9.262234168127192e-05,0.23632595812184637,-0.0998189426026542,-0.22990186218098416,-0.21769573056492175
9f109cfcd3695a7c,4,18,-1,-1,-1,-1,-1,0,0,,,,,,
9f32f8bd95195212,3,4,26,-1,-1,-1,1,0,1,,-0.0002767197914421558,,,,
9fb5b34a36925a6c,0,7,4,5,4,1,1,0,0,-0.0037563836089917757,-0.0037563836089917757,0.11357108246791392,-0.10675083145577419,-0.5400591246118485,-0.6022953555987656
a054dd394e1b559c,0,17,21,17,21,1,1,0,0,0.00048019668860943554,0.00048019668860943554,0.45277566397386443,0.031124435501779405,0.09172758542727924,0.260648807019398
a08635adfbc45990,1,16,-1,-1,-1,-1,-1,0,0,,,,,,
a0cbabab4b2c5345,3,17,-1,-1,-1,-1,-1,0,0,,,,,,
a1c1a996e52f5c4e,0,5,9,-1,-1,-1,1,0,1,,-0.0004672088905239846,,,,
a1c64a274ecc54b0,2,1,20,1,20,1,1,0,0,9.327751190868483e-05,9.327751190868483e-05,0.0672836229915809,-0.019394977721152028,0.009190371617991397,-0.0072140393477648345
a1ceb182eb7250a1,0,16,9,-1,-1,-1,1,0,1,,0.0007709787252359046,,,,
a2326fd4694d5191,3,2,9,1,9,1,1,0,0,-0.00030376721397029627,-0.00030376721397029627,0.09147349523010843,-0.023243581585685024,0.11022574967734543,0.15875710209931312
a370a9747c5e599b,3,8,1,4,1,1,1,0,0,-1.0564851760864276e-05,-1.0564851760864276e-05,0.11250661999352035,-0.050779948636086224,-0.05370359001019689,-0.04051451512584392
a3b5d1855e7e5d96,0,12,5,1,16,4,1,1,0,0.00026944861784578,0.11936206060417026,0.563033366989816,-0.02915759899597164,0.020722785681932573,0.020642510814855623
a3fff53e9f375592,1,6,-1,-1,-1,-1,-1,0,0,,,,,,
a5836bf6d71f58f2,1,17,9,11,9,1,1,0,0,0.0008614462114870658,0.0008614462114870658,0.04837777624110584,-0.22023205595566844,-0.32300656478736867,-0.25952259552885715
a5a77a41a5d4527c,2,17,2,17,2,1,1,0,0,-0.00012272540132673981,-0.00012272540132673981,0.05675393279198851,-0.056370761703063994,-0.11892298914355692,-0.09820957466219715
a5fc167ac3e45fec,4,17,0,16,0,1,1,0,0,-0.00012697862088728584,-0.00012697862088728584,0.007856870952265421,0.0002676043668692835,-0.11234228971299688,-0.057650147605127974
a63aaf23916e5f10,2,8,0,-1,-1,-1,1,0,1,,-9.402019237750216e-05,,,,
a657d16d34c3519a,0,3,20,2,20,1,1,0,0,1.784201655457297,1.784201655457297,0.19355923808448244,0.06358859414702837,0.5761541289106088,0.5942858036431448
a67f3948c2445760,0,3,3,-1,-1,-1,1,0,1,,0.0006509598884731531,,,,
a68adc1c27615ce9,0,13,-1,-1,-1,-1,-1,0,0,,,,,,
a6bf958e054951f3,1,16,7,-1,-1,-1,1,0,1,,-0.0005569157022051741,,,,
a6e92119ed185a7d,1,19,-1,-1,-1,-1,-1,0,0,,,,,,
a71d387393a559d4,2,17,-1,-1,-1,-1,-1,0,0,,,,,,
a74ab03d0fb05d72,3,12,-1,-1,-1,-1,-1,0,0,,,,,,
a75ce500226f5481,0,17,4,-1,-1,-1,1,0,1,,-0.0008296889021993104,,,,
a7c4607a69e55039,1,17,23,3,0,2,1,1,0,0.00026067774314433335,-0.0001578706935048105,0.08573752610287044,0.05027477542400474,0.15439904682175104,0.1535098290090408
a849c65f124e5af0,3,21,-1,-1,-1,-1,-1,0,0,,,,,,
a8e99095a8235549,0,4,16,3,17,2,1,1,0,-1.2318826391479931,-1.2318749638779087,0.4325636957473481,3.0510924781072988,3.0294798134918612,3.0324892382929005
a99fbe3c63d15894,2,23,21,18,21,1,1,0,0,-3.527703285222117e-05,-3.527703285222117e-05,0.15047234827208503,-0.003562803642287911,-0.00813890296763478,-0.012535082550414075
a9e5024892425a19,2,10,9,5,4,3,1,1,0,0.0006419549624436804,0.10973590606988859,0.07712936082158375,-0.05681878542370265,-0.13162560961452194,-0.13167359378857293
aa05025b9a815254,3,9,-1,-1,-1,-1,-1,0,0,,,,,,
aaddf9a720325142,2,11,-1,-1,-1,-1,-1,0,0,,,,,,
aaf8a6e715785915,2,19,21,7,20,2,1,1,0,1.1295703612024255e-05,1.1295703612024255e-05,0.05722674054377998,-0.005965606156501538,-0.00795122385758932,-0.00955018068346794
ab77602df4a154f7,2,11,10,-1,-1,-1,1,0,1,,-0.00017154795059148853,,,,
ac264ca2d43c52a7,4,25,-1,-1,-1,-1,-1,0,0,,,,,,
ac29e7c780d75eee,2,3,17,1,17,1,1,0,0,-1.1126175523124004e-06,-1.1126175523124004e-06,0.051303279163417814,-0.047039041991469556,-0.05095155957690782,-0.050321831494632624
ac768eabfa5c5725,3,12,9,-1,-1,-1,1,0,1,,-9.121100050396569e-05,,,,
ac7fee08538b5bb0,4,13,24,13,24,1,1,0,0,0.0,0.0,0.05181172066527805,-0.03719713700742724,-0.03719713700742724,-0.03719713700742724
acdcf9be0fc85495,2,23,13,9,9,2,1,1,0,5.00575142941672e-06,1.6302977381565595e-05,0.12917348763624367,-0.038358579778413705,-0.04688943546672788,-0.04678353701022637
ad4b812be67052a1,4,27,23,6,23,1,1,0,0,0.00019181166812742845,0.00019181166812742845,0.03257723264871261,-0.09573302073102849,-0.26011932243419245,-0.23622838221611364
ad963f2915a657a4,3,18,9,7,3,2,1,1,0,0.000392582243803119,0.0004896600965409448,0.21731968339815919,-0.07217041393886853,-0.19342620810620664,-0.07173387779655933
ad9cdad9769f572f,1,15,10,9,10,1,1,0,0,-8.041050173335229e-05,-8.041050173335229e-05,0.1477735710132283,-0.0810169963580562,-0.01913675992266873,0.023298994404537532
adb358cddcdf5ad4,2,17,-1,-1,-1,-1,-1,0,0,,,,,,
ae1909ec83115e90,3,2,9,2,9,1,1,0,0,-0.00036002913136767845,-0.00036002913136767845,0.16507343533014832,-0.02343804007158927,0.08653477871495387,0.14082599956050634
ae3f167434e35c78,2,4,-1,-1,-1,-1,-1,0,0,,,,,,
ae62df1371af5474,2,9,-1,-1,-1,-1,-1,0,0,,,,,,
ae75c379fc4f5ac0,1,15,-1,-1,-1,-1,-1,0,0,,,,,,
ae93b0cb5f2752c9,1,7,23,6,23,1,1,0,0,-1.621068492024813e-06,-1.621068492024813e-06,0.2090003092380338,-0.029353517135776754,-0.031395554929890684,-0.031287308631422414
aeb0da156a7b5426,1,3,21,1,21,1,1,0,0,8.050889065489182e-05,8.050889065489182e-05,0.4016152735521289,0.1944553441453541,0.26342856589278546,0.217754957241615
aed1237adf57578c,0,1,0,1,0,1,1,0,0,1.0332035451421078,1.0332035451421078,0.3113336971456892,1.0469789120425848,2.434306758065947,2.437878265304885
b003a3bfbdb252e3,2,10,26,7,26,1,1,0,0,0.9897842141886242,0.9897842141886242,0.1487912521164641,-0.015503996013382697,-0.04617922627578125,-0.04617727326625336
b024a29a38815f5d,1,10,-1,-1,-1,-1,-1,0,0,,,,,,
b0b57e6ca331564e,3,12,24,10,24,1,1,0,0,0.0,0.0,0.022096248823083947,0.0023408636038411753,0.0023408636038411753,0.0023408636038411753
b0f9569dfe425d61,3,9,-1,-1,-1,-1,-1,0,0,,,,,,
b16054ccc4bd54f9,4,11,1,-1,-1,-1,1,0,1,,1.8926528397743594,,,,
b183aa1eebac52fc,3,17,7,16,7,1,1,0,0,0.0001314637799514351,0.0001314637799514351,0.13760348041788276,0.016848934867236886,0.15246503027557082,0.14227440356099977
b1bfa52c4bc452b7,0,17,-1,-1,-1,-1,-1,0,0,,,,,,
b2f2a9a83437555c,0,1,7,1,7,1,1,0,0,-0.0007529566446319302,-0.0007529566446319302,0.1282250643340419,-0.1404873922864834,-0.20804712565862846,-0.21768231994078335
b3734dd3dc905040,4,16,-1,-1,-1,-1,-1,0,0,,,,,,
b39ff897a8695a97,4,18,11,13,11,1,1,0,0,-0.0001397995856908807,-0.0001397995856908807,0.3074438146314735,-0.020867664271842012,-0.24957374023446274,-0.2052482731850285
b3c270be7e145adc,4,10,14,6,14,1,1,0,0,-1.2199467135749757,-1.2199467135749757,2.874996171380168,1.7256074779917452,1.9670632491641007,1.972028602076323
b4a3828e9a685c84,2,1,16,1,16,1,1,0,0,0.0,0.0,0.07324407308761303,-0.0372104772870941,-0.0372104772870941,-0.0372104772870941
b4c84a922cb957a8,3,19,22,7,24,4,1,1,0,-0.00036216511055827154,-0.00014493191324800115,0.020524421204537152,-0.07119942509288146,-0.1307832468654236,-0.0758874056830419
b66888a9942d59ff,0,5,22,-1,-1,-1,1,0,1,,0.003121770005300641,,,,
b66ea7e3342b533b,1,2,2,2,2,1,1,0,0,-5.520669647962606e-05,-5.520669647962606e-05,0.1498102374783007,-0.17549616442552207,-0.004673397514217137,0.05487614207959235
b66edb8535dd5ec1,3,11,11,9,11,1,1,0,0,-0.00024853048287321045,-0.00024853048287321045,0.09660420711036355,-0.06154522507626105,-0.10959303090762826,-0.0661345096933321
b704090abc8d5afe,0,30,18,-1,-1,-1,1,0,1,,0.0007353571400976477,,,,
b76a132378175658,4,17,-1,-1,-1,-1,-1,0,0,,,,,,
b7c6fe6429785952,0,15,22,-1,-1,-1,1,0,1,,6.060907109617375e-05,,,,
b7cc1a0b6eca5a11,4,4,9,-1,-1,-1,1,0,1,,-0.9898243386149406,,,,
b8091003cbb95da3,1,2,21,2,21,1,1,0,0,0.005799536113289651,0.005799536113289651,0.009718983743908255,0.02364750881538573,0.06945601195788587,0.113785966119564
b86d04e1e9105474,2,3,-1,-1,-1,-1,-1,0,0,,,,,,
b8c14f4001735d94,3,1,7,1,7,1,1,0,0,-0.002120794901170231,-0.002120794901170231,0.11875247066047213,-0.06496347924107788,0.011530496346795413,0.0008438854019860303
b95dc2615771588d,0,14,23,13,23,1,1,0,0,1.9696841584348586,1.9696841584348586,0.23298509368838605,-0.012030046683439098,-0.0051410423743981975,0.005475121777496364
b9b7f27d456b5e0b,2,1,-1,-1,-1,-1,-1,0,0,,,,,,
ba5ddc3d1d5d56ad,0,1,25,1,25,1,1,0,0,-3.6526486277832504e-05,-3.6526486277832504e-05,0.20066170117177076,0.012762695531931724,0.01928817364568988,0.018417071123740157
ba95a132236555b4,3,9,25,9,25,1,1,0,0,-0.00042002055742784705,-0.00042002055742784705,0.2761618716830546,0.03651430245356667,-0.10935645080444824,-0.07833563124805996
baef81dee84a5ff1,3,7,9,6,9,1,1,0,0,-0.000703174917571589,-0.000703174917571589,0.0800382702471463,-0.05405052654548237,-0.06644124046719137,-0.02059060048060827
bb1419c18f39553e,2,21,22,-1,-1,-1,1,0,1,,0.0,,,,
bb77e9686029538d,3,18,22,6,22,1,1,0,0,0.0002012102944777272,0.0002012102944777272,0.5400424241763673,0.024901757687047964,-0.0810698873216108,0.05299788706321862
bbc08519add25675,0,3,9,3,9,1,1,0,0,2.284032596921548,2.284032596921548,0.34343464965122006,0.04238978930282279,0.4830606937629409,0.595401329375003
bc30bddda7655472,1,17,-1,-1,-1,-1,-1,0,0,,,,,,
bc346dea1bcd5cc3,3,29,28,23,28,1,1,0,0,-9.483449810643307e-05,-9.483449810643307e-05,0.0546752111961481,-0.12226759347284359,0.33371272636356036,0.35860032522234636
bc50e785e5cf5d5e,3,14,3,-1,-1,-1,1,0,1,,-0.0001464746225625646,,,,
bcb7ec6d46f45180,4,17,4,-1,-1,-1,1,0,1,,-0.00023002342972899825,,,,
bce79a86a0b75d48,3,3,20,1,20,1,1,0,0,-0.9901073702458292,-0.9901073702458292,0.21108312002131954,-0.022952409084364914,-0.19161119697928108,-0.16907621742281068
bd29c544e8035592,3,2,-1,-1,-1,-1,-1,0,0,,,,,,
bd8986c6178e5d2a,2,1,-1,-1,-1,-1,-1,0,0,,,,,,
be3f5af9cebd56a0,3,7,8,-1,-1,-1,1,0,1,,7.009943267322072e-05,,,,
be58ded948ea5c00,2,4,2,-1,-1,-1,1,0,1,,-0.001292943146824932,,,,
be7fe135f5665966,3,7,0,-1,-1,-1,1,0,1,,0.006254254332557302,,,,
bed9898a4bf45a6b,0,17,-1,-1,-1,-1,-1,0,0,,,,,,
beeb2d538d7f53d8,4,18,3,16,3,1,1,0,0,0.0002613140884786258,0.0002613140884786258,0.043088076264370445,-0.033648774103237654,-0.1897536190412139,-0.12658167739633705
bef88a7c044b5ebe,3,29,18,24,18,1,1,0,0,0.0008987352035938478,0.0008987352035938478,0.5154772621046892,0.04224258972237578,-0.1778125671862983,-0.05918226558684597
bf75c93832c7569d,0,9,-1,-1,-1,-1,-1,0,0,,,,,,
c031140da54d502a,0,17,3,-1,-1,-1,1,0,1,,0.9911725879896434,,,,
c0426fcae01a50cf,3,17,-1,-1,-1,-1,-1,0,0,,,,,,
c075c65bf21d5842,3,14,9,14,9,1,1,0,0,-0.0004111885782156488,-0.0004111885782156488,0.21487668366226292,0.03009411012014647,-0.5292708428661502,-0.47068700363515564
c0815ea46b825526,3,12,-1,-1,-1,-1,-1,0,0,,,,,,
c0eff628bb5d57f2,1,5,9,1,9,1,1,0,0,-0.0002712661859579357,-0.0002712661859579357,0.19193092761501898,-0.04257741739227064,0.25776869141393444,0.33020760520083337
c1dbec763983596c,4,17,6,-1,-1,-1,1,0,1,,-0.0004926864345327076,,,,
c1dd6c577b0f573a,2,5,1,1,1,1,1,0,0,-0.24775317546641729,-0.24775317546641729,0.07761188714301769,-0.1784255359785993,-0.15109917323758926,-0.16106326654480563
c23e9cc0ed7e5b21,0,17,3,13,3,1,1,0,0,0.0016556329336947506,0.0016556329336947506,0.04949923377303256,0.03126945233161001,0.16619973281303865,0.253792935522466
c25f5ca801be5075,4,4,8,-1,-1,-1,1,0,1,,-1.538959369074e-05,,,,
c2c39f197ef95b97,1,25,20,23,20,1,1,0,0,5.7840400188968744e-05,5.7840400188968744e-05,0.14488807999195039,-0.001489065722496036,-0.14359316265281954,-0.1393339827361184
c2ef8af22b6b57fa,1,16,8,14,8,1,1,0,0,0.0006266896873712569,0.0006266896873712569,0.031402135036371626,-0.1670342690588205,-0.17148723108592315,-0.10835922976958458
c34206b68ee6576f,3,11,1,9,1,1,1,0,0,-4.7573717791848935e-06,-4.7573717791848935e-06,0.035650264126464284,-0.010200336842411825,-0.010893115553299854,-0.010431807588530193
c3fd16e5694a5353,0,10,9,6,9,1,1,0,0,0.004479305555485258,0.004479305555485258,0.026467195074440064,0.08662515940729502,-0.1846415797019919,0.004398543637453789
c4292750158e5a5f,4,3,6,2,6,1,1,0,0,0.9762204023627215,0.9762204023627215,0.18790558894166992,-0.1365609636461427,-0.40824360446880825,-0.434855177612799
c49669e6594c55d7,4,24,24,-1,-1,-1,1,0,1,,-4.205154404068878e-05,,,,
c4a7fbc6d1e35668,2,6,21,2,3,2,1,1,0,1.984296183697961,1.9843287469431445,0.22115690061332524,0.05547470806911057,0.10159243697572035,0.10138695671688931
c4b429aa06c65c18,1,5,27,-1,-1,-1,1,0,1,,2.0200232751698115,,,,
c56712e13eb759f5,2,1,-1,-1,-1,-1,-1,0,0,,,,,,
c5e0107671965987,1,13,-1,-1,-1,-1,-1,0,0,,,,,,
c608632e83a659ca,1,27,-1,-1,-1,-1,-1,0,0,,,,,,
c65275d1d5af5014,2,17,3,10,3,1,1,0,0,-0.00025896607432512875,-0.00025896607432512875,0.11002943163233775,0.07780330642207657,0.08979093986850552,0.036417953578570264
c6eebddd3a955416,2,16,3,-1,-1,-1,1,0,1,,-0.00032615948114544935,,,,
c70954fab4a650c7,4,5,13,1,5,2,1,1,0,-1.2323791004359723,-1.233023564266786,3.048689958298059,0.9040679212652298,0.9045383202338965,0.9063855556911529
c70bcca6e16953d7,0,14,10,12,10,1,1,0,0,0.0003409750871363748,0.0003409750871363748,0.03939773249697637,0.07521004609898382,0.7629628721326067,0.7002931139823624
c7bff0705f645b30,3,12,3,6,3,1,1,0,0,-1.2310663021650163,-1.2310663021650163,0.3619219615565519,0.021512604368488973,-0.2365153862817568,-0.0817402290522079
c81dc86e054f566d,0,15,3,9,3,1,1,0,0,0.0005305072082206763,0.0005305072082206763,0.044681702281531566,0.0551113876017744,0.015256728065181566,-0.051362793106626635
c8c5d04b848e504c,0,16,3,16,3,1,1,0,0,0.00029568436057303416,0.00029568436057303416,0.16597348019154945,0.02583236001285936,0.07646249696991744,0.1836069249363215
c9281513f02f50f2,1,12,23,-1,-1,-1,1,0,1,,0.0,,,,
c944de45a71e5a38,0,14,-1,-1,-1,-1,-1,0,0,,,,,,
c9a1d813d64c52d1,4,4,15,1,3,3,1,1,0,0.0,0.0,0.14386157364483115,0.018057575528984255,0.018057575528984255,0.018057575528984255
ca00c31168b252d5,1,16,-1,-1,-1,-1,-1,0,0,,,,,,
cae918485e635e35,4,14,-1,-1,-1,-1,-1,0,0,,,,,,
ccb8e05950fc5fca,3,19,23,8,2,2,1,1,0,-0.00017406081110249438,-0.00018302063196906637,0.09890229955895741,-0.02017473462459985,0.1831894559228972,0.2237557865848602
cd7aee35baa65cec,2,16,-1,-1,-1,-1,-1,0,0,,,,,,
cdabe76a1ba75152,0,16,3,10,3,1,1,0,0,0.9906680473752321,0.9906680473752321,0.5871673676194018,0.07339836743422296,-0.008999729846905669,0.04052215301614187
cdccf3dfd4e153cc,0,24,21,9,20,3,1,1,0,0.0020740113252268877,0.0025033863656862554,0.26337597479030195,0.07885151306668509,0.2573262120688716,0.40176035820020584
cdfa6ac2b00156d1,0,10,-1,-1,-1,-1,-1,0,0,,,,,,
ce41992a83845d8a,3,20,-1,-1,-1,-1,-1,0,0,,,,,,
cf7a886f70be5245,1,14,20,2,20,1,1,0,0,0.0004713724773375283,0.0004713724773375283,0.18299121913001884,0.1561014722092734,0.1715631889582172,0.1741603092998106
cfdc02dc40405e6f,3,2,9,1,4,2,1,1,0,5.37980486507994e-05,2.019834518898582,0.027239498179930516,-0.0300485983355241,-0.03190576979238123,-0.0319103527399768
cffbf96734fa5f35,0,2,1,-1,-1,-1,1,0,1,,-0.00012115731714312794,,,,
d022d382b3aa5fa1,1,10,-1,-1,-1,-1,-1,0,0,,,,,,
d04f957744a353ba,0,10,21,5,21,1,1,0,0,0.00016387412324547768,0.00016387412324547768,0.16395353998292636,0.016963242458506913,0.02853253405224992,0.012687017364373481
d07acbfa3a6e55b0,1,17,3,-1,-1,-1,1,0,1,,-0.00012636717958378063,,,,
d0c144dfeca55025,0,25,22,15,22,1,1,0,0,-0.00010299410598381756,-0.00010299410598381756,0.09843921314284915,0.042978355051696435,0.06665607968381547,0.057291427102350696
d0ce91bcf7ba557a,0,2,-1,-1,-1,-1,-1,0,0,,,,,,
d0da55bb38fb5e83,4,3,5,3,5,1,1,0,0,0.00018315617061448464,0.00018315617061448464,0.03138795822962674,0.011877101028391646,-0.31021033876737425,-0.33480729841398993
d124fe4c82a0504a,1,14,-1,-1,-1,-1,-1,0,0,,,,,,
d1d6c7f48e6d5708,2,15,-1,-1,-1,-1,-1,0,0,,,,,,
d1d8fef2f07e554f,0,27,19,21,19,1,1,0,0,-6.528710596098719e-05,-6.528710596098719e-05,0.2587082015109109,0.09169740943754676,0.30094341467510705,0.4381959382477345
d1f387a440e25adc,3,17,26,17,26,1,1,0,0,-0.00016852544695122873,-0.00016852544695122873,0.08978640518381825,0.016876260001926796,0.05919708889764091,0.08014973311702635
d1faaed55b75587c,3,2,-1,-1,-1,-1,-1,0,0,,,,,,
d22547ad7061548d,1,11,26,7,22,2,1,1,0,0.004789317346434174,0.004349149602115965,0.5503732361067399,-0.012120725143862143,-0.30638298986248685,-0.2232329085532439
d32e31e6812d546f,2,9,-1,-1,-1,-1,-1,0,0,,,,,,
d3578202f06d5c62,0,25,26,-1,-1,-1,1,0,1,,8.269424438478445e-05,,,,
d3e0b427c9095c6f,0,17,9,-1,-1,-1,1,0,1,,0.0002687987604178266,,,,
d5b4a2295da55f8c,0,5,7,1,19,3,1,1,0,-1.222978545396123,-1.2230283835736102,1.7683127341617986,0.6385259124228586,0.7113007267790417,0.7142948504728734
d5ef40ff0f715517,4,26,27,-1,-1,-1,1,0,1,,-7.741929963334115e-06,,,,
d7018055ca4b5f66,4,17,-1,-1,-1,-1,-1,0,0,,,,,,
d72a6e0e28a159a2,4,7,5,-1,-1,-1,1,0,1,,-0.011323793392349124,,,,
d74df20dba705137,2,19,23,-1,-1,-1,1,0,1,,-8.57298430055383e-05,,,,
d7ed9fbf26d0502e,1,14,9,-1,-1,-1,1,0,1,,-0.0003496023945510629,,,,
d86f407ee78151b0,0,5,-1,-1,-1,-1,-1,0,0,,,,,,
d8a9f79a9b2f5af3,1,1,22,1,22,1,1,0,0,3.149701463542634,3.149701463542634,1.20704336188775,2.2019307595008084,2.566073995761594,2.2441874980319816
d8d6c32be32650ad,4,7,-1,-1,-1,-1,-1,0,0,,,,,,
d97f7fc3e5a35f1e,3,16,-1,-1,-1,-1,-1,0,0,,,,,,
d9b829983ef95e41,1,17,-1,-1,-1,-1,-1,0,0,,,,,,
da13a4ab1eaf5a07,4,17,10,8,10,1,1,0,0,4.382104147193644e-05,4.382104147193644e-05,0.18023353499991496,-0.048945045925155084,-0.06480716422632804,0.0010866532505241777
da9bf29b3087547f,4,17,12,13,12,1,1,0,0,-0.0006733096577692943,-0.0006733096577692943,0.265058934822036,0.029311244189303066,0.17800120287029172,0.27775029708165544
db167c9f01af53f1,2,17,9,-1,-1,-1,1,0,1,,-0.00040012851879001055,,,,
db219c4afef9558d,0,18,3,-1,-1,-1,1,0,1,,0.00014902080035517073,,,,
dba43762ec9a571c,1,3,-1,-1,-1,-1,-1,0,0,,,,,,
dc6d75a4555c5fd6,2,10,21,-1,-1,-1,1,0,1,,3.0565711064264086e-05,,,,
dd2f426104cb5f43,4,6,-1,-1,-1,-1,-1,0,0,,,,,,
dd63e7a132215419,2,9,-1,-1,-1,-1,-1,0,0,,,,,,
ddcdcbbd930d5cd4,4,1,-1,-1,-1,-1,-1,0,0,,,,,,
de2c82b474d85dd5,0,17,9,16,9,1,1,0,0,0.0006124333238229085,0.0006124333238229085,0.20253287136409828,-0.09243612011287076,0.0006463271809105386,0.06648199300220688
de3c0c52e7815332,3,1,22,1,22,1,1,0,0,3.1496425274491777,3.1496425274491777,0.802083150890449,2.5707630267016706,2.9754703468032084,2.7271701812406572
de3f8268d1675268,4,10,21,-1,-1,-1,1,0,1,,0.0,,,,
de432d7c6c6e57a6,3,2,-1,-1,-1,-1,-1,0,0,,,,,,
dec7d1a6632a516c,0,9,1,8,1,1,1,0,0,0.009756261034843616,0.009756261034843616,0.20952999250446586,0.07279515630658591,-0.021739750250056394,0.0010820736248998986
deeae175505b5728,4,9,23,4,23,1,1,0,0,0.000635542147327417,0.000635542147327417,0.8651766032890484,0.3954759134189749,0.5247773981215179,0.5865257868552717
e034837cf84e5081,2,8,-1,-1,-1,-1,-1,0,0,,,,,,
e056339b5ad457ea,4,17,4,-1,-1,-1,1,0,1,,-1.9974818360246616e-05,,,,
e06039dcbccd55a0,2,17,-1,-1,-1,-1,-1,0,0,,,,,,
e06dab45945a571c,3,17,-1,-1,-1,-1,-1,0,0,,,,,,
e14c53a47ffc5fe0,0,21,24,-1,-1,-1,1,0,1,,-0.0002950868985615671,,,,
e19f348970f556d2,2,5,-1,-1,-1,-1,-1,0,0,,,,,,
e1c764e511515749,2,10,20,7,20,1,1,0,0,0.000480583366891274,0.000480583366891274,0.45567649190164655,0.16238827366902414,0.4796461085230996,0.5647650668057234
e2022a0506df54c7,3,11,15,9,15,1,1,0,0,0.0,0.0,0.30325679803918204,-0.16544253253778257,-0.16544253253778257,-0.16544253253778257
e2becee9277c5811,1,18,22,-1,-1,-1,1,0,1,,0.0001367530750111534,,,,
e2c31e25cb35514d,1,14,9,10,9,1,1,0,0,-0.000541065095644444,-0.000541065095644444,0.17867567936437612,-0.14352313151685595,-0.2059984020240723,-0.15213297777570034
e380b20d49215557,4,13,-1,-1,-1,-1,-1,0,0,,,,,,
e4499494731e5026,4,9,26,4,24,4,1,1,0,0.0008482111677527993,0.0005548425547778901,0.06391283720925178,0.2970873929750171,0.40330305873276134,0.4086140978754427
e4f303186cdb50b1,0,4,19,4,19,1,1,0,0,-4.3645644211215764e-06,-4.3645644211215764e-06,0.03600599727966447,-0.0038601199243871354,-0.015519791255198727,-0.010625919463600371
e516f368a8fb5a16,3,3,11,3,11,1,1,0,0,-0.00044736977913416905,-0.00044736977913416905,0.015199900475462866,-0.08479227233289507,-0.42792228961292655,-0.3791546904289177
e747e181d08758c8,4,13,-1,-1,-1,-1,-1,0,0,,,,,,
e75b5a59035b5493,2,9,22,6,22,1,1,0,0,1.9060943658999463e-05,1.9060943658999463e-05,0.03279656586801001,-0.048734250594347876,-0.09675423003860903,-0.10518425020836566
e7c6e7ca0bf75a88,1,17,-1,-1,-1,-1,-1,0,0,,,,,,
e7e3b8bf23835b2a,4,3,16,-1,-1,-1,1,0,1,,6.682571023874928e-06,,,,
e7ee1c000ef85255,0,16,9,16,9,1,1,0,0,0.0005864605173468984,0.0005864605173468984,0.13871987374976466,-0.09363308179079309,-0.32763808499382757,-0.2948319996726645
e865980d1e455826,2,16,-1,-1,-1,-1,-1,0,0,,,,,,
e86d2d8665685c70,2,11,-1,-1,-1,-1,-1,0,0,,,,,,
e88d31e512eb52aa,1,23,20,12,1,3,1,1,0,-0.00015268738294249573,0.00010631383955628237,0.08999855633165352,-0.054321673152983,-0.07038413142858892,0.07748096949021782
e8a90962974f55d3,0,12,-1,-1,-1,-1,-1,0,0,,,,,,
e8b724310f7054d0,3,17,-1,-1,-1,-1,-1,0,0,,,,,,
e9922a266cc35210,1,1,-1,-1,-1,-1,-1,0,0,,,,,,
e9c39cd0c047561f,2,29,-1,-1,-1,-1,-1,0,0,,,,,,
ea01c4873e9b5cf8,4,17,9,10,9,1,1,0,0,-0.00010691608004265163,-0.00010691608004265163,0.1771561115427936,0.015302458683370115,-0.06979134879599809,0.03202958824850752
ea47b3db126a588e,4,1,-1,-1,-1,-1,-1,0,0,,,,,,
ea5915d23f345a29,0,6,26,4,26,1,1,0,0,-6.736000906726325e-06,-6.736000906726325e-06,0.253337737852979,-0.004502313348245195,-0.008396203259108292,-0.00840804896476624
eae558be27b1587b,4,6,7,-1,-1,-1,1,0,1,,-0.22523527703285218,,,,
eb02028413fb5a92,4,16,9,12,9,1,1,0,0,-0.0006014981450510604,-0.0006014981450510604,0.17074660360760854,-0.052903040849404295,-0.08064407390209892,-0.05233879067554486
ebc361211e395b18,1,19,-1,-1,-1,-1,-1,0,0,,,,,,
ebdc46dacb5f53f2,1,20,21,12,21,1,1,0,0,7.133007049464624e-07,7.133007049464624e-07,0.059523338066818005,-0.03625465468093068,-0.034363535891441095,-0.03520775846379423
ec003315c7f8544e,1,13,7,8,7,1,1,0,0,1.625132601845264,1.625132601845264,0.3000589655082053,1.353453065244092,1.3759625949950662,1.36826619915594
ec0f4f7c37615b20,2,5,2,-1,-1,-1,1,0,1,,-0.7737388310596343,,,,
ec57eef8dffd515e,2,1,-1,-1,-1,-1,-1,0,0,,,,,,
ec65e8cddb3d5fbd,4,19,23,8,25,2,1,1,0,-0.0006704189732670784,-7.281030565500259e-05,0.0836930601874778,-0.12905974273603907,-0.5230913835590144,-0.5097823040271973
ed710413165b5ca4,4,10,1,5,1,1,1,0,0,-0.00019858523067095568,-0.00019858523067095568,0.1204755507993103,-0.042847212966489905,-0.1417502347320564,-0.11349717955261046
ed9b2d124d9d5f5d,3,16,-1,-1,-1,-1,-1,0,0,,,,,,
edf9d12992c9551c,2,16,13,-1,-1,-1,1,0,1,,0.0,,,,
ee0f338b4ebe5cb4,3,6,-1,-1,-1,-1,-1,0,0,,,,,,
ee17abab9d83514f,0,4,17,3,17,1,1,0,0,-5.260109603405505e-05,-5.260109603405505e-05,0.26619025932277623,0.0290811394858199,0.028128518293997245,0.028891318352275243
ee1f7084ec1a54cf,2,11,-1,-1,-1,-1,-1,0,0,,,,,,
eeb054ac63575b33,1,2,-1,-1,-1,-1,-1,0,0,,,,,,
eef9e53ca3eb51a8,1,8,2,3,2,1,1,0,0,-1.8450037153049488,-1.8450037153049488,0.03681634568777176,-0.38286886211392973,-0.3649356910743028,-0.4371289088297966
efc9ce296b1955e3,3,12,25,10,25,1,1,0,0,0.00011972584798932075,0.00011972584798932075,0.21878492151438508,-0.017564470039007178,0.12786713930250007,0.17183638913180305
f0a54058d2af5c6c,2,16,4,-1,-1,-1,1,0,1,,0.0006539796369151585,,,,
f110d20f7a7957b7,4,17,6,16,6,1,1,0,0,-9.978644736091669e-06,-9.978644736091669e-06,0.11059245864265059,-0.003927839405930075,0.07693808618704062,0.07079583511366334
f125490e18b15e5c,2,21,19,13,1,2,1,1,0,2.8696530347538385e-05,2.2940688254813324e-05,0.06468694591936322,0.0185881106200692,0.011190299304100726,0.0026355254296447674
f19973f839e35f20,1,4,-1,-1,-1,-1,-1,0,0,,,,,,
f1d77af4b7285825,2,7,9,5,9,1,1,0,0,-0.00017149056606013957,-0.00017149056606013957,0.19419994230835644,0.03900817853473899,0.05712136057087513,0.058728084086133066
f26eb5a6f93c50b4,3,16,17,14,17,1,1,0,0,0.0022419899821281434,0.0022419899821281434,0.21738216093326218,0.018112161728310858,0.26992226495599997,0.4385290592061916
f28c5026aff854cb,3,26,22,13,23,2,1,1,0,0.92972289563152,0.92972289563152,0.1338412527815125,-0.06961808520931562,0.24728110209682608,0.31138407879226976
f2a1763371075e21,3,14,-1,-1,-1,-1,-1,0,0,,,,,,
f2c4bbcda8c650a3,4,11,26,11,26,1,1,0,0,-0.0006146780819484832,-0.0006146780819484832,0.150082631756629,-0.03373691046882881,-0.21794549967279334,-0.21236199119960128
f390221c855a53d1,0,17,23,-1,-1,-1,1,0,1,,0.00017691048837065182,,,,
f462fca7c1f8594c,3,5,20,5,20,1,1,0,0,-7.948029409162718e-05,-7.948029409162718e-05,0.034490047708244626,-0.05807161910903153,-0.0867473036037974,-0.07301615193453226
f473bc020969511e,0,24,2,18,2,1,1,0,0,0.002340053756078042,0.002340053756078042,0.3726935804696051,0.09503579861004448,0.45706566064109294,0.586123358085808
f4ba7c7ca86f5233,0,13,22,12,22,1,1,0,0,6.64908149863308e-05,6.64908149863308e-05,0.30207114720825595,0.1251936210924971,0.2528117128018531,0.36438094854542724
f533a754e0245b89,2,7,10,4,10,1,1,0,0,-0.002852290576696337,-0.002852290576696337,0.0597686301894117,-0.04157756950242752,-0.014417003384805262,-0.001759953590254222
f53a6e7af3825751,4,16,3,15,3,1,1,0,0,-2.8481406136426912e-05,-2.8481406136426912e-05,0.14060777623027695,0.046889621352587764,0.008062225187651706,0.011092100020542943
f53af77bf6fa5703,4,1,-1,-1,-1,-1,-1,0,0,,,,,,
f5b6478d00565e99,3,2,-1,-1,-1,-1,-1,0,0,,,,,,
f6cbfc9328fd5914,0,5,15,1,11,2,1,1,0,0.00261545059658852,0.0028377727983173173,0.49522277052478303,0.3406826791636943,0.24348835341065816,0.24547925721663236
f6db13314100532b,4,13,-1,-1,-1,-1,-1,0,0,,,,,,
f7050dbcd3c954f3,1,6,2,3,2,1,1,0,0,1.2324836412908278,1.2324836412908278,0.09751079730282397,-0.018314670360585806,-0.0057075811357303816,-0.007717865796242111
f73c53f115a550d5,2,17,-1,-1,-1,-1,-1,0,0,,,,,,
f757646a2d865977,1,1,5,1,5,1,1,0,0,-0.00023967403620472894,-0.00023967403620472894,0.015789067884598766,-0.14117526637964814,-0.276787285914598,-0.3076541119903209
f7cbec94d1ff5621,0,3,-1,-1,-1,-1,-1,0,0,,,,,,
f80967dcb45f5879,1,25,25,9,24,3,1,1,0,-6.025773286832958e-05,-8.79884749651616e-05,0.21035165699979833,0.09955244133804911,0.09090733622570746,0.07940960132223088
f8295ad66d0b502a,1,18,23,13,23,1,1,0,0,0.0001384854522026302,0.0001384854522026302,0.03237623852359864,-0.0008499481947263402,-0.1915718102200602,-0.23008988553237844
f845609710815b95,1,16,22,6,23,5,1,1,0,-0.0006492394983768079,-0.0001336572684111914,0.2781430914828831,-0.04769205072522793,-0.1554035804974585,0.029513908678563877
f88a28f7b54555ea,3,30,18,20,18,1,1,0,0,0.0006765377013073781,0.0006765377013073781,0.18184184761159414,-0.12823890861419035,-0.7463483905193549,-0.6535997595856726
f94f2bcde8345a9a,2,3,15,2,15,1,1,0,0,0.0,0.0,0.16216892695357737,-0.052180631937880424,-0.052180631937880424,-0.052180631937880424
f9922d29f7ca5693,4,9,21,1,6,5,1,1,0,-0.00047983962707221503,-8.826512694358815e-05,0.005321541306695016,-0.10517213353547826,-0.11141782693127567,-0.11387065008074555
f997536112085ece,3,17,24,-1,-1,-1,1,0,1,,-8.260559672490508e-05,,,,
f9c3f5c430be54aa,2,2,2,2,2,1,1,0,0,1.5646017807097174,1.5646017807097174,0.15487356808964944,0.14026879684115198,0.1355132682727966,0.14264932837324504
fa1f7200f4ff5651,0,16,-1,-1,-1,-1,-1,0,0,,,,,,
fa243f63e0525715,2,15,-1,-1,-1,-1,-1,0,0,,,,,,
faf0ce0d2dc95076,3,7,-1,-1,-1,-1,-1,0,0,,,,,,
faf6056c372e54f2,3,8,2,-1,-1,-1,1,0,1,,1.246183863767609,,,,
faf93d61f8bd5238,3,18,24,-1,-1,-1,1,0,1,,-9.455366143940047e-05,,,,
fb0869a379e05f37,3,14,21,11,21,1,1,0,0,-0.000500684989988804,-0.000500684989988804,0.0944327000451346,-0.05598556391169117,-0.12145071123493686,-0.08270693551039851
fbd37ced14a15418,4,17,7,-1,-1,-1,1,0,1,,0.0001307986882864709,,,,
fbe3cf848a4c5391,4,1,2,1,2,1,1,0,0,-0.004617220449447235,-0.004617220449447235,0.1078436452474513,0.008066390153771249,0.0024394173414686105,0.002711419631265936
fc25adef73d35a71,1,6,9,-1,-1,-1,1,0,1,,-0.000565087180584678,,,,
fd35b4e54a465e54,0,1,7,1,7,1,1,0,0,-2.0207331793509424,-2.0207331793509424,0.11224110174863418,-0.015976682067799838,-0.01896877038368124,-0.03120671642006321
fdf3abf3cf375c35,4,5,-1,-1,-1,-1,-1,0,0,,,,,,
fe394302690d5074,3,16,-1,-1,-1,-1,-1,0,0,,,,,,
fe98c3c19baf5ea3,0,2,4,1,4,1,1,0,0,2.1286245316340877,2.1286245316340877,0.6410420944109576,1.4566476081134123,1.2787500351753853,1.1899614009213346
fee89379e3375727,3,17,2,16,2,1,1,0,0,0.00025139094404913465,0.00025139094404913465,0.5196400216842526,0.08295393888836523,0.10919957765387207,0.2589865417652409
fefa06851c7f58a7,1,7,20,-1,-1,-1,1,0,1,,-1.2323258076974541,,,,
ff54f555627f5338,4,14,9,-1,-1,-1,1,0,1,,-0.0005246792767196751,,,,
ffb77fcdc4bd5e37,4,13,-1,-1,-1,-1,-1,0,0,,,,,,
